240508_중소벤처기업_수출_성장과_해외진출_확실하게_이끈다(글로벌성장정책과)-중소벤처기업부,https://www.mss.go.kr/site/smba/ex/bbs/View.do?cbIdx=86&bcIdx=1050221&parentSeq=1050221
240507_탄소국경조정제도(CBAM)_대응_인프라구축_지원사업_참여기업_2차_모집개시(디지털혁신과)-중소벤처기업부,https://www.mss.go.kr/site/smba/ex/bbs/View.do?cbIdx=86&bcIdx=1050196&parentSeq=1050196
240507_중기부-외교부_간_협력으로_유망_스타트업의_글로벌_진출_지평을_연다!(신산업기술창업과)-중소벤처기업부,https://www.mss.go.kr/site/smba/ex/bbs/View.do?cbIdx=86&bcIdx=1050194&parentSeq=1050194
240503살맛나는_행복쇼핑!_‘5월_동행축제’에_전국_2,325개_백년소상공인이_함께해요지역상권과-중소벤처기업부,https://www.mss.go.kr/site/smba/ex/bbs/View.do?cbIdx=86&bcIdx=1050197&parentSeq=1050197
240503_소공인의_스마트화를_지원합니다(지역상권과)-중소벤처기업부,https://www.mss.go.kr/site/smba/ex/bbs/View.do?cbIdx=86&bcIdx=1050195&parentSeq=1050195
240502_중기부,_해외바이어_수출계약_전과정_밀착_지원한다(글로벌성장정책과)-중소벤처기업부,https://www.mss.go.kr/site/smba/ex/bbs/View.do?cbIdx=86&bcIdx=1050112&parentSeq=1050112
240501_5월_동행축제,_부산에서_올해_첫_개막행사_개최(내수활성화추진단)-중소벤처기업부,https://www.mss.go.kr/site/smba/ex/bbs/View.do?cbIdx=86&bcIdx=1050072&parentSeq=1050072
240502_해외규격인증획득지원사업_일반트랙_2차_참여기업_모집_실시(글로벌성장정책과)-중소벤처기업부,https://www.mss.go.kr/site/smba/ex/bbs/View.do?cbIdx=86&bcIdx=1050071&parentSeq=1050071
240501_소상공인의_사회·경제적_위상을_높인_유공자를_찾습니다(소상공인정책과)-중소벤처기업부,https://www.mss.go.kr/site/smba/ex/bbs/View.do?cbIdx=86&bcIdx=1050064&parentSeq=1050064
240430_제13차_규제자유특구위원회_개최(특구정책과,_특구운영과)_재수정-중소벤처기업부,https://www.mss.go.kr/site/smba/ex/bbs/View.do?cbIdx=86&bcIdx=1050039&parentSeq=1050039
240430_민관이_함께_청년_소상공인을_위해_힘_합쳐_(기업금융과)-중소벤처기업부,https://www.mss.go.kr/site/smba/ex/bbs/View.do?cbIdx=86&bcIdx=1050038&parentSeq=1050038
240501_협업을_통해_함께_성장할_소상공인_협동조합_85개사_선정(지역상권과)-중소벤처기업부,https://www.mss.go.kr/site/smba/ex/bbs/View.do?cbIdx=86&bcIdx=1050036&parentSeq=1050036
240430_미래_대응전략_마련을_위한_전략기획관_신설(재정행정담당관)-중소벤처기업부,https://www.mss.go.kr/site/smba/ex/bbs/View.do?cbIdx=86&bcIdx=1049987&parentSeq=1049987
240429_5월_동행축제,_동행제품_찜하기만_해도_‘대박_경품’_와르르(디지털소통팀)-중소벤처기업부,https://www.mss.go.kr/site/smba/ex/bbs/View.do?cbIdx=86&bcIdx=1049984&parentSeq=1049984
240429_오기웅_차관,_베트남_호치민공산청년단_제1서기와_청년창업_정책_및_교류_협력방안_논의(청년정책과)-중소벤처기업부,https://www.mss.go.kr/site/smba/ex/bbs/View.do?cbIdx=86&bcIdx=1049983&parentSeq=1049983
240429_수출바우처_및_글로벌강소기업_1000+프로젝트_참여기업_선정(글로벌성장정책과)-중소벤처기업부,https://www.mss.go.kr/site/smba/ex/bbs/View.do?cbIdx=86&bcIdx=1049982&parentSeq=1049982
240429_세대를_아우르는_모범_기업,_명문장수기업을_찾습니다(기업환경정책과)-중소벤처기업부,https://www.mss.go.kr/site/smba/ex/bbs/View.do?cbIdx=86&bcIdx=1049981&parentSeq=1049981
240429_중소기업이_새롭게_도약합니다!_｢중소기업_도약_전략｣_발표-중소벤처기업부,https://www.mss.go.kr/site/smba/ex/bbs/View.do?cbIdx=86&bcIdx=1049978&parentSeq=1049978
240427_동행축제,_카드사와_손잡고_혜택을_보다_풍성하게(내수활성화추진단)-중소벤처기업부,https://www.mss.go.kr/site/smba/ex/bbs/View.do?cbIdx=86&bcIdx=1049977&parentSeq=1049977
240426_「중소벤처_기술개발(R&D)_미래전략_방향」_청사진_나왔다(기술혁신정책과)-중소벤처기업부,https://www.mss.go.kr/site/smba/ex/bbs/View.do?cbIdx=86&bcIdx=1049976&parentSeq=1049976
240426_신규_엔젤투자허브,_경북에_구축한다(투자관리감독과)-중소벤처기업부,https://www.mss.go.kr/site/smba/ex/bbs/View.do?cbIdx=86&bcIdx=1049975&parentSeq=1049975
240425_힘쎄게_도약하는_서천특화시장의_새출발,_화재로_중단됐던_서천특화시장_임시시장_개장(전통시장과)-중소벤처기업부,https://www.mss.go.kr/site/smba/ex/bbs/View.do?cbIdx=86&bcIdx=1049974&parentSeq=1049974
240425_살맛나는_행복쇼핑!_‘5월_동행축제’_28일간_할인판매전_열어(내수활성화추진단)-중소벤처기업부,https://www.mss.go.kr/site/smba/ex/bbs/View.do?cbIdx=86&bcIdx=1049973&parentSeq=1049973
240425_오영주_장관,_소상공인_디지털_전환_주제로_제4차_｢소상공인_우문현답_정책협의회｣_개최(디지털소상공인과)-중소벤처기업부,https://www.mss.go.kr/site/smba/ex/bbs/View.do?cbIdx=86&bcIdx=1049972&parentSeq=1049972
240429_물을_거의_안쓰는데도_일반공장보다_3배나_되는_오수처리시설이_필요하다구요(규제개혁법무담당관)-중소벤처기업부,https://www.mss.go.kr/site/smba/ex/bbs/View.do?cbIdx=86&bcIdx=1049965&parentSeq=1049965
240424_중소벤처기업부와_재외공관,_중소·벤처기업의_든든한_국제적(글로벌)_동반자(파트너)로_나선다(국제통상협력과)-중소벤처기업부,https://www.mss.go.kr/site/smba/ex/bbs/View.do?cbIdx=86&bcIdx=1049892&parentSeq=1049892
240424_민간_중심_벤처투자_플랫폼,_“스타트업_코리아_펀드”_출범(벤처투자과)-중소벤처기업부,https://www.mss.go.kr/site/smba/ex/bbs/View.do?cbIdx=86&bcIdx=1049868&parentSeq=1049868
240423_오영주_장관,_베트남_하이퐁시_당서기와_중소스타트업_분야_등_협력_강화_방안_논의(국제통상협력과)-중소벤처기업부,https://www.mss.go.kr/site/smba/ex/bbs/View.do?cbIdx=86&bcIdx=1049835&parentSeq=1049835
240422_중소기업제품_2023년_공공구매액_127조원_달성(판로정책과)-중소벤처기업부,https://www.mss.go.kr/site/smba/ex/bbs/View.do?cbIdx=86&bcIdx=1049834&parentSeq=1049834
240424_중소벤처기업부,_국내_모든_위탁생산(파운드리)_업체와_손잡고_반도체설계전문기업(팹리스)_육성한다,https://www.mss.go.kr/site/smba/ex/bbs/View.do?cbIdx=86&bcIdx=1049833&parentSeq=1049833
240422_「중소기업_금융_애로점검_협의체」_1차_회의_개최(기업금융과)-중소벤처기업부,https://www.mss.go.kr/site/smba/ex/bbs/View.do?cbIdx=86&bcIdx=1049806&parentSeq=1049806
240422_중소기업_기술분쟁조정·중재위원회_전국_모든_지방법원과_조정연계_협약_체결_완료(기술보호과)-중소벤처기업부,https://www.mss.go.kr/site/smba/ex/bbs/View.do?cbIdx=86&bcIdx=1049805&parentSeq=1049805
240419_“전국을_넘어_해외까지_알릴게요”_동행축제_응원단(서포터즈)_발대식_개최(내수활성화추진단)-중소벤처기업부,https://www.mss.go.kr/site/smba/ex/bbs/View.do?cbIdx=86&bcIdx=1049804&parentSeq=1049804
240418_중소벤처기업부,_경찰청과_손잡고_치안_분야_중소기업_집중적으로_육성한다(기술혁신정책과)-중소벤처기업부,https://www.mss.go.kr/site/smba/ex/bbs/View.do?cbIdx=86&bcIdx=1049803&parentSeq=1049803
240419_체감할_수_있는_변화의_시작_‘재외공관_중소벤처기업_지원협의체’_가동!(국제통상협력과)-중소벤처기업부,https://www.mss.go.kr/site/smba/ex/bbs/View.do?cbIdx=86&bcIdx=1049754&parentSeq=1049754
240416_제17회_규제자유특구심의위원회_개최(특구정책과)-중소벤처기업부,https://www.mss.go.kr/site/smba/ex/bbs/View.do?cbIdx=86&bcIdx=1049691&parentSeq=1049691
240417_부처별_기술보호_지원을_한눈에_볼_수_있는_기회_열려(기술보호과)-중소벤처기업부,https://www.mss.go.kr/site/smba/ex/bbs/View.do?cbIdx=86&bcIdx=1049681&parentSeq=1049681
240416_전통시장_및_상점가_육성을_위한_특별법_시행령_개정안_국무회의_의결(전통시장과)-중소벤처기업부,https://www.mss.go.kr/site/smba/ex/bbs/View.do?cbIdx=86&bcIdx=1049680&parentSeq=1049680
240416_5월_동행축제에_함께_할_300개사_선정(내수활성화추진단)-중소벤처기업부,https://www.mss.go.kr/site/smba/ex/bbs/View.do?cbIdx=86&bcIdx=1049676&parentSeq=1049676
240415_청년의_눈으로_중소기업_정책을_들여다본다(청년정책과)-중소벤처기업부,https://www.mss.go.kr/site/smba/ex/bbs/View.do?cbIdx=86&bcIdx=1049675&parentSeq=1049675
240415_오영주_장관,_늘봄학교에서_비즈쿨_교사로_변신(청년정책과)-중소벤처기업부,https://www.mss.go.kr/site/smba/ex/bbs/View.do?cbIdx=86&bcIdx=1049674&parentSeq=1049674
240416_동반성장을_위한_공공기관의_선도적_역할_강화-중소벤처기업부,https://www.mss.go.kr/site/smba/ex/bbs/View.do?cbIdx=86&bcIdx=1049643&parentSeq=1049643
240415_중소벤처기업부,_중소기업_인력양성대학_주관기관_신규_모집(인력정책과)-중소벤처기업부,https://www.mss.go.kr/site/smba/ex/bbs/View.do?cbIdx=86&bcIdx=1049642&parentSeq=1049642
240415_집적지_소공인의_성장_발전을_지원하는_소공인특화지원센터_사업_운영기관_모집(지역상권과)-중소벤처기업부,https://www.mss.go.kr/site/smba/ex/bbs/View.do?cbIdx=86&bcIdx=1049639&parentSeq=1049639
240412_동네상권,_우리가_스스로_만든다!(지역상권과)-중소벤처기업부,https://www.mss.go.kr/site/smba/ex/bbs/View.do?cbIdx=86&bcIdx=1049637&parentSeq=1049637
240415_특화역량_BI를_통해_창업기업_문제해결_프로그램_추진(창업생태계과)-중소벤처기업부,https://www.mss.go.kr/site/smba/ex/bbs/View.do?cbIdx=86&bcIdx=1049627&parentSeq=1049627
240411_중소벤처기업부,_지멘스_DISW와_스타트업_분야_협력_강화키로(글로벌창업팀)-중소벤처기업부,https://www.mss.go.kr/site/smba/ex/bbs/View.do?cbIdx=86&bcIdx=1049626&parentSeq=1049626
240411_중소기업_유학생_연계방안_자문간담회_개최(인력정책과)-중소벤처기업부,https://www.mss.go.kr/site/smba/ex/bbs/View.do?cbIdx=86&bcIdx=1049619&parentSeq=1049619
240408_스타트업_온라인_무료_법률지원_서비스_시행(창업벤처규제혁신단)-중소벤처기업부,https://www.mss.go.kr/site/smba/ex/bbs/View.do?cbIdx=86&bcIdx=1049481&parentSeq=1049481
240408_편리하고_안전한_우리_시장_만들기,_함께_참여해요!(전통시장과)-중소벤처기업부,https://www.mss.go.kr/site/smba/ex/bbs/View.do?cbIdx=86&bcIdx=1049480&parentSeq=1049480
240404_중소금융권_이자환급_상황점검회의(기업금융과)-중소벤처기업부,https://www.mss.go.kr/site/smba/ex/bbs/View.do?cbIdx=86&bcIdx=1049479&parentSeq=1049479
240404_3월_미리_온(ON)_동행축제,_5월_본축제_흥행을_위한_마중물_톡톡(내수활성화추진단)-중소벤처기업부,https://www.mss.go.kr/site/smba/ex/bbs/View.do?cbIdx=86&bcIdx=1049418&parentSeq=1049418
240402_지역을_살리는_글로컬_상권_프로젝트_신설(소상공인성장촉진과)-중소벤처기업부,https://www.mss.go.kr/site/smba/ex/bbs/View.do?cbIdx=86&bcIdx=1049417&parentSeq=1049417
240402_우리_기업_탄소국경조정제도_대응,_정부·유관기관_통합_지원한다(디지털혁신과)-중소벤처기업부,https://www.mss.go.kr/site/smba/ex/bbs/View.do?cbIdx=86&bcIdx=1049361&parentSeq=1049361
240402_‘중소기업_동반성장_네트워크론’,_中企_생산자금_애로_해소_위해_핀셋_지원_나서(기업금융과)-중소벤처기업부,https://www.mss.go.kr/site/smba/ex/bbs/View.do?cbIdx=86&bcIdx=1049360&parentSeq=1049360
240402_중소벤처기업부-SK플래닛_공동,청소년_앱_개발_‘스마틴_앱+_챌린지_2024’_개최(청년정책과)-중소벤처기업부,https://www.mss.go.kr/site/smba/ex/bbs/View.do?cbIdx=86&bcIdx=1049348&parentSeq=1049348
240401_중소·벤처기업의_글로벌_진출을_위한_‘다가가는_민생·경제외교’_강화!(국제통상협력과)-중소벤처기업부,https://www.mss.go.kr/site/smba/ex/bbs/View.do?cbIdx=86&bcIdx=1049346&parentSeq=1049346
240401_‘도전!_K-스타트업_2024‘_창업기업(스타트업)_성장의_기회에_도전하세요!(기술창업과)-중소벤처기업부,https://www.mss.go.kr/site/smba/ex/bbs/View.do?cbIdx=86&bcIdx=1049344&parentSeq=1049344
240401_2024년_중소기업_스마트서비스_지원사업_참여기업_모집(디지털혁신과)-중소벤처기업부,https://www.mss.go.kr/site/smba/ex/bbs/View.do?cbIdx=86&bcIdx=1049341&parentSeq=1049341
240401_2022년_기준_장애인기업실태조사_결과_공표(소상공인정책과)-중소벤처기업부,https://www.mss.go.kr/site/smba/ex/bbs/View.do?cbIdx=86&bcIdx=1049338&parentSeq=1049338
240329_모태기금(펀드),_0,https://www.mss.go.kr/site/smba/ex/bbs/View.do?cbIdx=86&bcIdx=1049273&parentSeq=1049273
240329_대기업과_함께_과제를_수행할_스타트업을_모집합니다!(신산업기술창업과)-중소벤처기업부,https://www.mss.go.kr/site/smba/ex/bbs/View.do?cbIdx=86&bcIdx=1049272&parentSeq=1049272
240329_납품대금_연동_확산_지원본부_4개소_추가_지정(불공정거래개선과)-중소벤처기업부,https://www.mss.go.kr/site/smba/ex/bbs/View.do?cbIdx=86&bcIdx=1049271&parentSeq=1049271
240328_2023년_1인_창조기업_실태조사_결과_발표(창업생태계과)-중소벤처기업부,https://www.mss.go.kr/site/smba/ex/bbs/View.do?cbIdx=86&bcIdx=1049270&parentSeq=1049270
240328_오영주_장관,_55만_소공인의_당면현안_해결_및_성장전략_모색_위해_직접_나섰다(소상공인정책과,_지역상권과)-중소벤처기업부,https://www.mss.go.kr/site/smba/ex/bbs/View.do?cbIdx=86&bcIdx=1049269&parentSeq=1049269
240326_新_동반성장_우수모델_발굴_선정(상생협력정책과)-중소벤처기업부,https://www.mss.go.kr/site/smba/ex/bbs/View.do?cbIdx=86&bcIdx=1049268&parentSeq=1049268
240328_2023년_1인_창조기업_실태조사_결과_발표(창업생태계과)-중소벤처기업부,https://www.mss.go.kr/site/smba/ex/bbs/View.do?cbIdx=86&bcIdx=1049227&parentSeq=1049227
240327_중소벤처기업의_해외_진출을_위한_글로벌비즈니스센터(GBC)_입주기업_모집(글로벌성장정책과)-중소벤처기업부,https://www.mss.go.kr/site/smba/ex/bbs/View.do?cbIdx=86&bcIdx=1049178&parentSeq=1049178
240326_민간이_주도하고_정부가_함께하는_상생형_스마트공장_업무_협약식_개최(제조혁신과)-중소벤처기업부,https://www.mss.go.kr/site/smba/ex/bbs/View.do?cbIdx=86&bcIdx=1049177&parentSeq=1049177
240326_나이속인_청소년에_술·담배_판매한_소상공인,_3월말부터_법으로_보호_받는다(소상공인정책과)-중소벤처기업부,https://www.mss.go.kr/site/smba/ex/bbs/View.do?cbIdx=86&bcIdx=1049173&parentSeq=1049173
240325_가게_운영에_고민이_많은_소상공인‧예비_창업자라면_컨설팅_신청하세요!(소상공인성장촉진과)-중소벤처기업부,https://www.mss.go.kr/site/smba/ex/bbs/View.do?cbIdx=86&bcIdx=1049156&parentSeq=1049156
240325_2024년_전자상거래_수출시장진출사업_참여기업_모집(글로벌성장정책과)-중소벤처기업부,https://www.mss.go.kr/site/smba/ex/bbs/View.do?cbIdx=86&bcIdx=1049155&parentSeq=1049155
240322_”외교·중기·중기중앙회,_3자협력_업무협약(MOU)_체결!_수출중소기업을_위한_동행“(기업환경정책과)-중소벤처기업부,https://www.mss.go.kr/site/smba/ex/bbs/View.do?cbIdx=86&bcIdx=1049094&parentSeq=1049094
240321_현장_중심의_정책을_위한_“중소벤처기업부_현장소통포럼”발족!(기업환경정책과)-중소벤처기업부,https://www.mss.go.kr/site/smba/ex/bbs/View.do?cbIdx=86&bcIdx=1049084&parentSeq=1049084
240321_중소벤처기업부,_LG전자_등과_손잡고_자체가동(온디바이스)_인공지능(AI)_창업기업(스타트업)_육성한다(신산업기술창업과)-중소벤처기업부,https://www.mss.go.kr/site/smba/ex/bbs/View.do?cbIdx=86&bcIdx=1049059&parentSeq=1049059
240320_소상공인_온라인_진출_돕는_“소담스퀘어“에서_실시간방송판매(라이브커머스)_방송하세요(디지털소상공인과)-중소벤처기업부,https://www.mss.go.kr/site/smba/ex/bbs/View.do?cbIdx=86&bcIdx=1049054&parentSeq=1049054
240321_“대학생_여러분,_동행축제에_오세요“(내수활성화추진단)-중소벤처기업부,https://www.mss.go.kr/site/smba/ex/bbs/View.do?cbIdx=86&bcIdx=1049053&parentSeq=1049053
240321_지방소멸_대응을위한_새로운_시도,중기부-행안부-지자체_협력_강화(지역혁신정책과)-중소벤처기업부,https://www.mss.go.kr/site/smba/ex/bbs/View.do?cbIdx=86&bcIdx=1049052&parentSeq=1049052
240320_충북도의_『레전드_50+』_사업(프로젝트)_성공에_중기부_팔_걷어붙인다(지역혁신정책과)-중소벤처기업부,https://www.mss.go.kr/site/smba/ex/bbs/View.do?cbIdx=86&bcIdx=1049051&parentSeq=1049051
240320_지역_창업_중심(허브)_‘창업단지(스타트업_파크)’_조성(창업생태계과)-중소벤처기업부,https://www.mss.go.kr/site/smba/ex/bbs/View.do?cbIdx=86&bcIdx=1049004&parentSeq=1049004
240319_24년_팁스_운영사_선정공고_보도자료(신산업기술창업과)-중소벤처기업부,https://www.mss.go.kr/site/smba/ex/bbs/View.do?cbIdx=86&bcIdx=1048967&parentSeq=1048967
240318_중기부와_해수부가_힘을_합쳐_물가안정과_지역경제_활성화_노력(전통시장과)-중소벤처기업부,https://www.mss.go.kr/site/smba/ex/bbs/View.do?cbIdx=86&bcIdx=1048966&parentSeq=1048966
240318_AI_분야_K_스타트업_OpenAI가_키운다(글로벌창업팀)-중소벤처기업부,https://www.mss.go.kr/site/smba/ex/bbs/View.do?cbIdx=86&bcIdx=1048947&parentSeq=1048947
240315_여성창업자의_해외_진출_교두보_마련(기업환경정책과)-중소벤처기업부,https://www.mss.go.kr/site/smba/ex/bbs/View.do?cbIdx=86&bcIdx=1048946&parentSeq=1048946
240315_인공지능(AI)_분야_K_창업기업(스타트업)_미국_진출_첫발(글로벌창업팀)-중소벤처기업부,https://www.mss.go.kr/site/smba/ex/bbs/View.do?cbIdx=86&bcIdx=1048917&parentSeq=1048917
240315_우리동네_대중투자(크라우드펀딩)_소상공인_모집_공고(소상공인성장촉진과)-중소벤처기업부,https://www.mss.go.kr/site/smba/ex/bbs/View.do?cbIdx=86&bcIdx=1048916&parentSeq=1048916
240314_지역_중소기업_혁신성장_견인을_위한_전국_테크노파크(TP)_원장_간담회_개최(입지환경개선과)-중소벤처기업부,https://www.mss.go.kr/site/smba/ex/bbs/View.do?cbIdx=86&bcIdx=1048915&parentSeq=1048915
240313_(국제적)글로벌_혁신특구_성과_극대화를_위한_정부·지자체_공동_준비체계_가동(특구정책과-중소벤처기업부,https://www.mss.go.kr/site/smba/ex/bbs/View.do?cbIdx=86&bcIdx=1048895&parentSeq=1048895
240312_지역_중소기업의_애로사항_한번에_해결한다!,https://www.mss.go.kr/site/smba/ex/bbs/View.do?cbIdx=86&bcIdx=1048836&parentSeq=1048836
240313_중소기업_판로_고민__마케팅_지원사업으로_해결(판로정책과)-중소벤처기업부,https://www.mss.go.kr/site/smba/ex/bbs/View.do?cbIdx=86&bcIdx=1048832&parentSeq=1048832
240312_벤처창업_휴직특례,_최대_7년까지_가능해진다(벤처정책과)-중소벤처기업부,https://www.mss.go.kr/site/smba/ex/bbs/View.do?cbIdx=86&bcIdx=1048831&parentSeq=1048831
240307_미래전략산업_중심으로_중소기업_인력양성_대학_재편(인력정책과)-중소벤처기업부,https://www.mss.go.kr/site/smba/ex/bbs/View.do?cbIdx=86&bcIdx=1048678&parentSeq=1048678
240305_기술기반_수출_중소기업_간담회_개최(글로벌성장정책과)-중소벤처기업부,https://www.mss.go.kr/site/smba/ex/bbs/View.do?cbIdx=86&bcIdx=1048666&parentSeq=1048666
240305_기술거래_플랫폼_고도화_이행안(로드맵)_마련을_위한_전문가_평론(리뷰)단_발표회_개최(기술보호과)-중소벤처기업부,https://www.mss.go.kr/site/smba/ex/bbs/View.do?cbIdx=86&bcIdx=1048643&parentSeq=1048643
240304_라이콘타운_1호점_개소식_및_제2차_소상공인_정책협의회_개최(소상공인성장촉진과__소상공인정책과)-중소벤처기업부,https://www.mss.go.kr/site/smba/ex/bbs/View.do?cbIdx=86&bcIdx=1048624&parentSeq=1048624
240304_중기부__제2중동붐_이어간다…아랍에미리트(UAE)와_중소벤처_협력_확대(국제통상협력과)-중소벤처기업부,https://www.mss.go.kr/site/smba/ex/bbs/View.do?cbIdx=86&bcIdx=1048623&parentSeq=1048623
240304_영세_소상공인_전기요금_특별지원_2차접수_개시(소상공인정책과)-중소벤처기업부,https://www.mss.go.kr/site/smba/ex/bbs/View.do?cbIdx=86&bcIdx=1048621&parentSeq=1048621
240304_기술침해기업이_합리적인_피해보상을_받도록_피해금액_산정을_지원합니다(기술보호과)-중소벤처기업부,https://www.mss.go.kr/site/smba/ex/bbs/View.do?cbIdx=86&bcIdx=1048620&parentSeq=1048620
240229_중소벤처_기술개발(R&D)_미래전략_원탁_회의(라운드테이블)_발표회(세미나)_개최(기술혁신정책과)-중소벤처기업부,https://www.mss.go.kr/site/smba/ex/bbs/View.do?cbIdx=86&bcIdx=1048570&parentSeq=1048570
240301_우문현답에서_현문우답까지,https://www.mss.go.kr/site/smba/ex/bbs/View.do?cbIdx=86&bcIdx=1048569&parentSeq=1048569
240301_단계적_기술보호_수준_향상_위한_이용권(바우처)_도입(기술보호과)-중소벤처기업부,https://www.mss.go.kr/site/smba/ex/bbs/View.do?cbIdx=86&bcIdx=1048568&parentSeq=1048568
240301_세계적(글로벌)_거대신생기업(유니콘)을_꿈꾸는_후보기업_모집합니다!(벤처정책과)-중소벤처기업부,https://www.mss.go.kr/site/smba/ex/bbs/View.do?cbIdx=86&bcIdx=1048567&parentSeq=1048567
240229_차관,_납품대금_연동제_도입_기관_현장간담회(불공정거래개선과)-중소벤처기업부,https://www.mss.go.kr/site/smba/ex/bbs/View.do?cbIdx=86&bcIdx=1048566&parentSeq=1048566
240229_'23년_창업기업동향_발표(정책분석평가과)-중소벤처기업부,https://www.mss.go.kr/site/smba/ex/bbs/View.do?cbIdx=86&bcIdx=1048565&parentSeq=1048565
240228_원전_중소기업_간담회_개최(기술개발과)-중소벤처기업부,https://www.mss.go.kr/site/smba/ex/bbs/View.do?cbIdx=86&bcIdx=1048564&parentSeq=1048564
240229_민간_중심_벤처생태계_조성_본격…제1호_민간_벤처모기금(펀드)_결성(벤처투자과)-중소벤처기업부,https://www.mss.go.kr/site/smba/ex/bbs/View.do?cbIdx=86&bcIdx=1048563&parentSeq=1048563
240229_11개_세계적(글로벌)기업과_함께_창업기업_육성(기술창업과)-중소벤처기업부,https://www.mss.go.kr/site/smba/ex/bbs/View.do?cbIdx=86&bcIdx=1048557&parentSeq=1048557
240228_’24년_지능형(스마트)_제조혁신_기술개발사업(R&D)_현장적용_분야_참여기관_모집(디지털혁신과)-중소벤처기업부,https://www.mss.go.kr/site/smba/ex/bbs/View.do?cbIdx=86&bcIdx=1048497&parentSeq=1048497
240228_2024년_해외규격인증획득지원사업_일반분야(트랙)_1차_및_신속_처리제(패스트트랙)_참여기업_모집(글로벌성장정책과)-중소벤처기업부,https://www.mss.go.kr/site/smba/ex/bbs/View.do?cbIdx=86&bcIdx=1048496&parentSeq=1048496
240228_강한_소상공인(온라인셀러_분야)_모집(소상공인성장촉진과)-중소벤처기업부,https://www.mss.go.kr/site/smba/ex/bbs/View.do?cbIdx=86&bcIdx=1048463&parentSeq=1048463
240228_인도공과대학생들,_한국_벤처기업에_취업한다(벤처정책과)-중소벤처기업부,https://www.mss.go.kr/site/smba/ex/bbs/View.do?cbIdx=86&bcIdx=1048462&parentSeq=1048462
240228_새봄맞이_미리_온(ON)_동행축제_개최(디지털소상공인과,_내수활성화추진단)-중소벤처기업부,https://www.mss.go.kr/site/smba/ex/bbs/View.do?cbIdx=86&bcIdx=1048460&parentSeq=1048460
240228_여성기업_실태조사_결과_발표(기업환경정책과)-중소벤처기업부,https://www.mss.go.kr/site/smba/ex/bbs/View.do?cbIdx=86&bcIdx=1048447&parentSeq=1048447
240227_중소기업협동조합법_시행령_개정안_국무회의_의결(기업환경정책과,_소상공인재도약과)-중소벤처기업부,https://www.mss.go.kr/site/smba/ex/bbs/View.do?cbIdx=86&bcIdx=1048444&parentSeq=1048444
240226_오영주_장관_청년들_목소리_듣기_위해_광주가다(청년정책과)-중소벤처기업부,https://www.mss.go.kr/site/smba/ex/bbs/View.do?cbIdx=86&bcIdx=1048409&parentSeq=1048409
240227_'24년도_온라인수출묶음(패키지)_사업_참여기업_모집(글로벌성장정책과)-중소벤처기업부,https://www.mss.go.kr/site/smba/ex/bbs/View.do?cbIdx=86&bcIdx=1048408&parentSeq=1048408
240227_'24년_창업도약묶음(패키지)(융복합형)_사업_공고(기술창업과)-중소벤처기업부,https://www.mss.go.kr/site/smba/ex/bbs/View.do?cbIdx=86&bcIdx=1048399&parentSeq=1048399
240227_중소기업·창업기업(스타트업)__대기업과_함께_모바일_월드_콩그레스(MWC)2024_진출(글로벌성장정책과)-중소벤처기업부,https://www.mss.go.kr/site/smba/ex/bbs/View.do?cbIdx=86&bcIdx=1048398&parentSeq=1048398
240226_영세_소상공인_대상_전기요금_특별지원_진행_상황(소상공인정책과)-중소벤처기업부,https://www.mss.go.kr/site/smba/ex/bbs/View.do?cbIdx=86&bcIdx=1048385&parentSeq=1048385
240226_'24_케이(K)-비즈니스_데이_인_미들_이스트(Business_Day_in_Middle_East)_개최(글로벌성장정책과)-중소벤처기업부,https://www.mss.go.kr/site/smba/ex/bbs/View.do?cbIdx=86&bcIdx=1048372&parentSeq=1048372
240223_고금리_부담완화를_위한_소상공인_대환대출_개시(기업금융과)-중소벤처기업부,https://www.mss.go.kr/site/smba/ex/bbs/View.do?cbIdx=86&bcIdx=1048371&parentSeq=1048371
240222_벤처투자_업계_간담회_개최(투자관리감독과)-중소벤처기업부,https://www.mss.go.kr/site/smba/ex/bbs/View.do?cbIdx=86&bcIdx=1048370&parentSeq=1048370
240222_중기부_산하_공공기관장_토론회(재정행정담당관실)-중소벤처기업부,https://www.mss.go.kr/site/smba/ex/bbs/View.do?cbIdx=86&bcIdx=1048369&parentSeq=1048369
240221_우리나라_첫_복수의결권_발행기업_나왔다!(벤처정책과)-중소벤처기업부,https://www.mss.go.kr/site/smba/ex/bbs/View.do?cbIdx=86&bcIdx=1048310&parentSeq=1048310
240222_중소기업_탄소국경조정제도(CBAM)대응_기반(인프라)_구축사업_공고(디지털혁신과)-중소벤처기업부,https://www.mss.go.kr/site/smba/ex/bbs/View.do?cbIdx=86&bcIdx=1048301&parentSeq=1048301
240220_국경과_국적을_넘어_세계(글로벌)_창업_지원(창업정책과)-중소벤처기업부,https://www.mss.go.kr/site/smba/ex/bbs/View.do?cbIdx=86&bcIdx=1048285&parentSeq=1048285
240220_『레전드_50+』_사업(프로젝트)_꼼꼼히_챙겨_지역경제에_봄바람_일으킨다(지역혁신정책과)-중소벤처기업부,https://www.mss.go.kr/site/smba/ex/bbs/View.do?cbIdx=86&bcIdx=1048279&parentSeq=1048279
240221_지역_기능성_소재·부품_업체의_기술력_향상_돕는다(지역혁신정책과)-중소벤처기업부,https://www.mss.go.kr/site/smba/ex/bbs/View.do?cbIdx=86&bcIdx=1048273&parentSeq=1048273
240220_2023년_국내_벤처투자_및_기금(펀드)결성_동향_분석_발표(투자관리감독과)-중소벤처기업부,https://www.mss.go.kr/site/smba/ex/bbs/View.do?cbIdx=86&bcIdx=1048272&parentSeq=1048272
240220_지역_엔젤투자_활성화를_위한_거점_모집(투자관리감독과)-중소벤처기업부,https://www.mss.go.kr/site/smba/ex/bbs/View.do?cbIdx=86&bcIdx=1048256&parentSeq=1048256
240219_신사업창업사관학교_예비창업자_모집(소상공인성장촉진과)-중소벤처기업부,https://www.mss.go.kr/site/smba/ex/bbs/View.do?cbIdx=86&bcIdx=1048238&parentSeq=1048238
240219_중소기업자간_경쟁제품_신규_지정_설명회_개최(판로정책과)-중소벤처기업부,https://www.mss.go.kr/site/smba/ex/bbs/View.do?cbIdx=86&bcIdx=1048233&parentSeq=1048233
240215_뿌리산업_소공인_간담회_개최(지역상권과)-중소벤처기업부,https://www.mss.go.kr/site/smba/ex/bbs/View.do?cbIdx=86&bcIdx=1048179&parentSeq=1048179
240215_선량한_소상공인_보호_관계기관_협의회_개최(소상공인정책과)-중소벤처기업부,https://www.mss.go.kr/site/smba/ex/bbs/View.do?cbIdx=86&bcIdx=1048178&parentSeq=1048178
240214_세계(글로벌)_혁신_특구_조성_및_안착_위한_현장_간담회_개최(특구정책과)-중소벤처기업부,https://www.mss.go.kr/site/smba/ex/bbs/View.do?cbIdx=86&bcIdx=1048142&parentSeq=1048142
240214_오기웅_차관__군산_지역(로컬)상표(브랜드)_창출지역_현장방문(소상공인성장촉진과)-중소벤처기업부,https://www.mss.go.kr/site/smba/ex/bbs/View.do?cbIdx=86&bcIdx=1048141&parentSeq=1048141
240214_오영주_장관,_해외_진출기업_간담회_개최(글로벌성장정책과)-중소벤처기업부,https://www.mss.go.kr/site/smba/ex/bbs/View.do?cbIdx=86&bcIdx=1048140&parentSeq=1048140
240214_영세_소상공인_대상_전기요금_특별지원_본격_개시(소상공인정책과)-중소벤처기업부,https://www.mss.go.kr/site/smba/ex/bbs/View.do?cbIdx=86&bcIdx=1048139&parentSeq=1048139
240213_중소벤처기업부_국과장급_인사_단행-중소벤처기업부,https://www.mss.go.kr/site/smba/ex/bbs/View.do?cbIdx=86&bcIdx=1048089&parentSeq=1048089
240214_민관협력_개방형_혁신(오픈이노베이션)_수요기반형_분야(트랙)_참여기업_모집(기술창업과)-중소벤처기업부,https://www.mss.go.kr/site/smba/ex/bbs/View.do?cbIdx=86&bcIdx=1048088&parentSeq=1048088
240214_’24년_중소기업_탄소중립_전환지원_사업_공고(디지털혁신과)-중소벤처기업부,https://www.mss.go.kr/site/smba/ex/bbs/View.do?cbIdx=86&bcIdx=1048087&parentSeq=1048087
240213_성능인증_유효기한_연장_등을_위한_판로지원법_개정안_국무회의_의결(판로정책과)-중소벤처기업부,https://www.mss.go.kr/site/smba/ex/bbs/View.do?cbIdx=86&bcIdx=1048086&parentSeq=1048086
240213_중소기업_‘졸업_유예기간’_5년으로_확대(정책총괄과)-중소벤처기업부,https://www.mss.go.kr/site/smba/ex/bbs/View.do?cbIdx=86&bcIdx=1048085&parentSeq=1048085
240208_'청소년에_속아_영업정지'_호소에_따른_행정처분_면제_조치_시행(관계부처합동)-중소벤처기업부,https://www.mss.go.kr/site/smba/ex/bbs/View.do?cbIdx=86&bcIdx=1048083&parentSeq=1048083
240208_민생토론회_사후브리핑-중소벤처기업부,https://www.mss.go.kr/site/smba/ex/bbs/View.do?cbIdx=86&bcIdx=1048032&parentSeq=1048032
240208_(보도자료)_2024_민생토론회-중소벤처기업부,https://www.mss.go.kr/site/smba/ex/bbs/View.do?cbIdx=86&bcIdx=1048020&parentSeq=1048020
240207_지역과_창의적인_생각(아이디어)을_연결해_새로운_가치를_창출하는_지역가치_창업가_모집(소상공인성장촉진과)-중소벤처기업부,https://www.mss.go.kr/site/smba/ex/bbs/View.do?cbIdx=86&bcIdx=1047981&parentSeq=1047981
240207_'24년_초격차_창업기업(스타트업)_육성사업_참여기업_모집(미래산업전략팀)-중소벤처기업부,https://www.mss.go.kr/site/smba/ex/bbs/View.do?cbIdx=86&bcIdx=1047980&parentSeq=1047980
240206_중기부__경력단절여성을_위한_창업지원_프로그램_도입한다(벤처정책과)-중소벤처기업부,https://www.mss.go.kr/site/smba/ex/bbs/View.do?cbIdx=86&bcIdx=1047940&parentSeq=1047940
240205_모태기금(펀드)_9,100억원_출자사업_신속_추진으로_'스타트업코리아'_실현_본격화(벤처투자과)-중소벤처기업부,https://www.mss.go.kr/site/smba/ex/bbs/View.do?cbIdx=86&bcIdx=1047933&parentSeq=1047933
240205_'24년_중소기업_연구인력_지원사업_참여기업_모집(인력정책과)-중소벤처기업부,https://www.mss.go.kr/site/smba/ex/bbs/View.do?cbIdx=86&bcIdx=1047932&parentSeq=1047932
240202_오기웅_차관__문화관광형_전통시장_방문(전통시장과)-중소벤처기업부,https://www.mss.go.kr/site/smba/ex/bbs/View.do?cbIdx=86&bcIdx=1047892&parentSeq=1047892
240202_'24년_벤처창업유공포상_2일부터_접수(벤처정책과)-중소벤처기업부,https://www.mss.go.kr/site/smba/ex/bbs/View.do?cbIdx=86&bcIdx=1047883&parentSeq=1047883
240202_민간투자연계형_연계(매칭)융자_본격_시행(소상공인성장촉진과)-중소벤처기업부,https://www.mss.go.kr/site/smba/ex/bbs/View.do?cbIdx=86&bcIdx=1047882&parentSeq=1047882
240201_대학_기술_기반_청년_창업기업_방문(청년정책과)-중소벤처기업부,https://www.mss.go.kr/site/smba/ex/bbs/View.do?cbIdx=86&bcIdx=1047881&parentSeq=1047881
240131_중소벤처_기술개발(R&D)_미래전략_원탁회의(라운드테이블)_개최(기술혁신정책과)-중소벤처기업부,https://www.mss.go.kr/site/smba/ex/bbs/View.do?cbIdx=86&bcIdx=1047837&parentSeq=1047837
240201_특성화시장_육성_통해_전통시장_경쟁력_강화한다(전통시장과)-중소벤처기업부,https://www.mss.go.kr/site/smba/ex/bbs/View.do?cbIdx=86&bcIdx=1047831&parentSeq=1047831
240131_모태기금(펀드)_관련_벤처투자_업계_간담회_개최(벤처투자과)-중소벤처기업부,https://www.mss.go.kr/site/smba/ex/bbs/View.do?cbIdx=86&bcIdx=1047829&parentSeq=1047829
240131_2024년도_재도전성공묶음(패키지)_사업_공고(창업정책과)-중소벤처기업부,https://www.mss.go.kr/site/smba/ex/bbs/View.do?cbIdx=86&bcIdx=1047827&parentSeq=1047827
240130_중소기업_선제적_구조개선_촉진을_위한_간담회_개최(기업구조개선과)-중소벤처기업부,https://www.mss.go.kr/site/smba/ex/bbs/View.do?cbIdx=86&bcIdx=1047807&parentSeq=1047807
240131_오픈에이아이(OpenAI)_협업_케이(K)-창업기업(Startup)_간담회_개최(미래산업전략팀)-중소벤처기업부,https://www.mss.go.kr/site/smba/ex/bbs/View.do?cbIdx=86&bcIdx=1047806&parentSeq=1047806
240131_강한_소상공인(생활양식(라이프스타일),_지역상표(로컬브랜드),_백년가게·백년소공인_분야)_모집(소상공인성장촉진과)-중소벤처기업부,https://www.mss.go.kr/site/smba/ex/bbs/View.do?cbIdx=86&bcIdx=1047805&parentSeq=1047805
240131_2023년_중소기업_수출_동향_발표(글로벌성장정책과)-중소벤처기업부,https://www.mss.go.kr/site/smba/ex/bbs/View.do?cbIdx=86&bcIdx=1047792&parentSeq=1047792
240130_규제자유특구_고도화를_위한_지역특구법_개정안_국무회의_의결(특구정책과)-중소벤처기업부,https://www.mss.go.kr/site/smba/ex/bbs/View.do?cbIdx=86&bcIdx=1047777&parentSeq=1047777
240130_기술기반_창업기업의_성장단계별_사업화_지원(기술창업과)-중소벤처기업부,https://www.mss.go.kr/site/smba/ex/bbs/View.do?cbIdx=86&bcIdx=1047755&parentSeq=1047755
240130_중소기업_인력난_해소_위해_특성화고_집중_지원한다(인력정책과)-중소벤처기업부,https://www.mss.go.kr/site/smba/ex/bbs/View.do?cbIdx=86&bcIdx=1047744&parentSeq=1047744
240129_기술거래_중소기업에_대한_사업화_보증__상담(컨설팅)_지원_확대(기술보호과)-중소벤처기업부,https://www.mss.go.kr/site/smba/ex/bbs/View.do?cbIdx=86&bcIdx=1047743&parentSeq=1047743
240129_도전!_케이(K)-창업기업(스타트업)_2024_부처_통합공고(기술창업과)-중소벤처기업부,https://www.mss.go.kr/site/smba/ex/bbs/View.do?cbIdx=86&bcIdx=1047741&parentSeq=1047741
240125_지역신용보증재단법_개정안_국회_본회의_의결(기업금융과)-중소벤처기업부,https://www.mss.go.kr/site/smba/ex/bbs/View.do?cbIdx=86&bcIdx=1047689&parentSeq=1047689
240125_오기웅_차관,_국제전자제품박람회(CES)_성과기업_간담회_개최(기술창업과)-중소벤처기업부,https://www.mss.go.kr/site/smba/ex/bbs/View.do?cbIdx=86&bcIdx=1047688&parentSeq=1047688
240125_세계(글로벌)혁신특구_현장방문_및_기업간담회(특구정책과)-중소벤처기업부,https://www.mss.go.kr/site/smba/ex/bbs/View.do?cbIdx=86&bcIdx=1047682&parentSeq=1047682
240124_중소기업_세계화(글로벌화)_정책방향_도출을_위한_업계_대표_및_전문가_간담회_개최(글로벌성장정책과)-중소벤처기업부,https://www.mss.go.kr/site/smba/ex/bbs/View.do?cbIdx=86&bcIdx=1047663&parentSeq=1047663
240124_'24_중소기업_정책간담회_개최(기업환경정책과)-중소벤처기업부,https://www.mss.go.kr/site/smba/ex/bbs/View.do?cbIdx=86&bcIdx=1047659&parentSeq=1047659
240123_오영주_장관__충남_서천특화시장_화재현장_방문(전통시장과)-중소벤처기업부,https://www.mss.go.kr/site/smba/ex/bbs/View.do?cbIdx=86&bcIdx=1047629&parentSeq=1047629
240123_'24년_수출이용권(바우처)_및_세계(글로벌)_강소기업_1,000+_사업(프로젝트)_참여기업_모집(글로벌성장정책과)-중소벤처기업부,https://www.mss.go.kr/site/smba/ex/bbs/View.do?cbIdx=86&bcIdx=1047587&parentSeq=1047587
240123_해외인력_취업연계(매칭)_지원사업_수행_운영사_모집(청년정책과)-중소벤처기업부,https://www.mss.go.kr/site/smba/ex/bbs/View.do?cbIdx=86&bcIdx=1047586&parentSeq=1047586
240122_2024년_창업기업(스타트업)_인공지능(AI)_기술인력_양성사업(이어드림_스쿨)_교육생_모집(청년정책과)-중소벤처기업부,https://www.mss.go.kr/site/smba/ex/bbs/View.do?cbIdx=86&bcIdx=1047582&parentSeq=1047582
240118_플랫폼경쟁촉진법_제정에_대한_플랫폼기업_의견_청취(창업정책과)-중소벤처기업부,https://www.mss.go.kr/site/smba/ex/bbs/View.do?cbIdx=86&bcIdx=1047532&parentSeq=1047532
240118_국제전자제품박람회(CES)_혁신상_수상기업_간담회(기술창업과)-중소벤처기업부,https://www.mss.go.kr/site/smba/ex/bbs/View.do?cbIdx=86&bcIdx=1047531&parentSeq=1047531
240119_중소기업자간_경쟁제품__핵심부품_국산화를_선도한다(판로정책과)-중소벤처기업부,https://www.mss.go.kr/site/smba/ex/bbs/View.do?cbIdx=86&bcIdx=1047530&parentSeq=1047530
240119_'22년_중소기업실태조사_결과_발표(정책분석평가과)-중소벤처기업부,https://www.mss.go.kr/site/smba/ex/bbs/View.do?cbIdx=86&bcIdx=1047529&parentSeq=1047529
240112_창업중심대학_창업사업화_지원기업_모집(청년정책과)-중소벤처기업부,https://www.mss.go.kr/site/smba/ex/bbs/View.do?cbIdx=86&bcIdx=1047333&parentSeq=1047333
240111_중기부_'24년_정책방향_브리핑_및_신년인사회(게시)-중소벤처기업부,https://www.mss.go.kr/site/smba/ex/bbs/View.do?cbIdx=86&bcIdx=1047295&parentSeq=1047295
240112_신선한_생각(아이디어)과_열정이_넘치는_청년들의_창업을_지원합니다(청년정책과)-중소벤처기업부,https://www.mss.go.kr/site/smba/ex/bbs/View.do?cbIdx=86&bcIdx=1047294&parentSeq=1047294
240112_'24년_중소기업_수출지원사업_통합공고(글로벌성장정책과)-중소벤처기업부,https://www.mss.go.kr/site/smba/ex/bbs/View.do?cbIdx=86&bcIdx=1047293&parentSeq=1047293
240112_한국중부발전__상생결제_확산_앞장선다(상생협력정책과)-중소벤처기업부,https://www.mss.go.kr/site/smba/ex/bbs/View.do?cbIdx=86&bcIdx=1047292&parentSeq=1047292
240112_오기웅_차관,_국제전자제품박람회(CES)_2024부터_세계적(글로벌)_기업_협업까지_광폭_행보(기술창업과)-중소벤처기업부,https://www.mss.go.kr/site/smba/ex/bbs/View.do?cbIdx=86&bcIdx=1047291&parentSeq=1047291
240111_민·관이_힘을_합쳐_'스타트업코리아'를_구현할_기금(펀드)_조성_착수(벤처투자과)-중소벤처기업부,https://www.mss.go.kr/site/smba/ex/bbs/View.do?cbIdx=86&bcIdx=1047289&parentSeq=1047289
240111_청소년_경영_체험_학교(비즈쿨)_운영학교_모집(청년정책과)-중소벤처기업부,https://www.mss.go.kr/site/smba/ex/bbs/View.do?cbIdx=86&bcIdx=1047278&parentSeq=1047278
240110_오영주_장관,_여경협_방문_및_여성최고경영자(CEO)_간담회(기업환경정책과)-중소벤처기업부,https://www.mss.go.kr/site/smba/ex/bbs/View.do?cbIdx=86&bcIdx=1047232&parentSeq=1047232
240111_2022년도_기준_벤처기업_정밀실태조사_결과_발표(벤처정책과)-중소벤처기업부,https://www.mss.go.kr/site/smba/ex/bbs/View.do?cbIdx=86&bcIdx=1047231&parentSeq=1047231
240111_중기부-행안부_공동_지역혁신_공모_추진(기업구조개선과)-중소벤처기업부,https://www.mss.go.kr/site/smba/ex/bbs/View.do?cbIdx=86&bcIdx=1047229&parentSeq=1047229
240111_소상공인_고용보험료지원_대폭_확대(소상공인재도약과)-중소벤처기업부,https://www.mss.go.kr/site/smba/ex/bbs/View.do?cbIdx=86&bcIdx=1047228&parentSeq=1047228
240110_지역주력산업_성장을_견인할_초광역권_선도기업_선정(지역혁신정책과)-중소벤처기업부,https://www.mss.go.kr/site/smba/ex/bbs/View.do?cbIdx=86&bcIdx=1047213&parentSeq=1047213
240109_중대재해처벌법_50인_미만_기업_추가_적용유예_입법_불발_관련(관계부처합동)-중소벤처기업부,https://www.mss.go.kr/site/smba/ex/bbs/View.do?cbIdx=86&bcIdx=1047195&parentSeq=1047195
240109_오영주_장관,_경영위기_극복에_성공한_소상공인_현장방문(소상공인재도약과)-중소벤처기업부,https://www.mss.go.kr/site/smba/ex/bbs/View.do?cbIdx=86&bcIdx=1047193&parentSeq=1047193
240110_'24년_초격차_창업기업(스타트업)_1000+_사업(프로젝트)_통합_공고(미래산업전략팀,_기술창업과)-중소벤처기업부,https://www.mss.go.kr/site/smba/ex/bbs/View.do?cbIdx=86&bcIdx=1047192&parentSeq=1047192
240110_눈꽃_동행축제_매출_및_'23년_동행축제_총_매출_공개(내수활성화추진단)-중소벤처기업부,https://www.mss.go.kr/site/smba/ex/bbs/View.do?cbIdx=86&bcIdx=1047191&parentSeq=1047191
240109_백년소상공인_지원을_위한_소상공인법_개정안_국무회의_의결(지역상권과)-중소벤처기업부,https://www.mss.go.kr/site/smba/ex/bbs/View.do?cbIdx=86&bcIdx=1047190&parentSeq=1047190
240109_국제전자제품박람회(CES)_2024에서_혁신_케이(K)-창업기업(스타트업)을_만나보세요(기술창업과)-중소벤처기업부,https://www.mss.go.kr/site/smba/ex/bbs/View.do?cbIdx=86&bcIdx=1047172&parentSeq=1047172
240108_‘24년_여성기업육성사업_통합_공고(기업환경정책과)-중소벤처기업부,https://www.mss.go.kr/site/smba/ex/bbs/View.do?cbIdx=86&bcIdx=1047161&parentSeq=1047161
240108_2024년_중소벤처기업_지원사업_종합_설명회_개최(정책분석평가과)-중소벤처기업부,https://www.mss.go.kr/site/smba/ex/bbs/View.do?cbIdx=86&bcIdx=1047160&parentSeq=1047160
240104_오영주_장관_청년_창업기업_및_지능형(스마트)공장_지원기업_방문(기업금융과__제조혁신과)-중소벤처기업부,https://www.mss.go.kr/site/smba/ex/bbs/View.do?cbIdx=86&bcIdx=1047136&parentSeq=1047136
240104_'24년_중소기업_소상공인_정책자금_지원계획(기업금융과)-중소벤처기업부,https://www.mss.go.kr/site/smba/ex/bbs/View.do?cbIdx=86&bcIdx=1047084&parentSeq=1047084
240104_2024년도_테크노파크_생산장비_고도화_지원사업_주관기관_모집(지역혁신정책과)-중소벤처기업부,https://www.mss.go.kr/site/smba/ex/bbs/View.do?cbIdx=86&bcIdx=1047082&parentSeq=1047082
240103_오영주_장관,_소상공인·전통시장_협·단체_간담회_참석(소상공인정책과)-중소벤처기업부,https://www.mss.go.kr/site/smba/ex/bbs/View.do?cbIdx=86&bcIdx=1047057&parentSeq=1047057
240104_2024년_창업지원사업_통합_공고(창업정책과)-중소벤처기업부,https://www.mss.go.kr/site/smba/ex/bbs/View.do?cbIdx=86&bcIdx=1047053&parentSeq=1047053
240102_오영주_제5대_중소벤처기업부_장관_취임(운영지원과)-중소벤처기업부,https://www.mss.go.kr/site/smba/ex/bbs/View.do?cbIdx=86&bcIdx=1047031&parentSeq=1047031
240102_상생협력법_개정안_국무회의_의결(불공정거래개선과)-중소벤처기업부,https://www.mss.go.kr/site/smba/ex/bbs/View.do?cbIdx=86&bcIdx=1047030&parentSeq=1047030
240102_영세_소상공인이_받은_1,2차_선지급_재난지원금_환수_부담_없어진다!(소상공인재도약과)-중소벤처기업부,https://www.mss.go.kr/site/smba/ex/bbs/View.do?cbIdx=86&bcIdx=1047029&parentSeq=1047029
240102_기술보호_최초_5배_배상제도_도입_및_법원의_자료송부요구권_강화(기술보호과)-중소벤처기업부,https://www.mss.go.kr/site/smba/ex/bbs/View.do?cbIdx=86&bcIdx=1047028&parentSeq=1047028
240102_벤처기업육성에_관한_특별조치법_개정안_국무회의_의결(벤처정책과)-중소벤처기업부,https://www.mss.go.kr/site/smba/ex/bbs/View.do?cbIdx=86&bcIdx=1047027&parentSeq=1047027
230103_2024년_소상공인_지원사업_통합공고(소상공인정책과)-중소벤처기업부,https://www.mss.go.kr/site/smba/ex/bbs/View.do?cbIdx=86&bcIdx=1047026&parentSeq=1047026
240103_고위험·고성과_기술개발(R&D)_사업(프로젝트)_수행기업_최종_선정(기술혁신정책과)-중소벤처기업부,https://www.mss.go.kr/site/smba/ex/bbs/View.do?cbIdx=86&bcIdx=1047017&parentSeq=1047017
240102_사업전환·구조개선_제도_'23년_성과(기업구조개선과)-중소벤처기업부,https://www.mss.go.kr/site/smba/ex/bbs/View.do?cbIdx=86&bcIdx=1047009&parentSeq=1047009
240102_지역특화_사업(프로젝트)_'레전드_50+'_본격_추진(지역혁신정책과)-중소벤처기업부,https://www.mss.go.kr/site/smba/ex/bbs/View.do?cbIdx=86&bcIdx=1047008&parentSeq=1047008
240101_납품대금연동제_계도기간_종료,_1일_본격_시행(불공정거래개선과)-중소벤처기업부,https://www.mss.go.kr/site/smba/ex/bbs/View.do?cbIdx=86&bcIdx=1046992&parentSeq=1046992
231229_소상공인_혁신창업공간_라이콘(LICORN)타운_아산점·세종점_개소(소상공인성장촉진과)-중소벤처기업부,https://www.mss.go.kr/site/smba/ex/bbs/View.do?cbIdx=86&bcIdx=1046921&parentSeq=1046921
231229_희망리턴패키지_'재기부터_신사업까지_소상공인_정상화_지원'(소상공인재도약과)-중소벤처기업부,https://www.mss.go.kr/site/smba/ex/bbs/View.do?cbIdx=86&bcIdx=1046908&parentSeq=1046908
231228_'세계(글로벌)_혁신특구'_후보지_선정_결과(특구정책과)-중소벤처기업부,https://www.mss.go.kr/site/smba/ex/bbs/View.do?cbIdx=86&bcIdx=1046909&parentSeq=1046909
231228_신속한_정책금융_공급으로_중소기업_3고_위기_극복_지원(기업금융과)-중소벤처기업부,https://www.mss.go.kr/site/smba/ex/bbs/View.do?cbIdx=86&bcIdx=1046905&parentSeq=1046905
231228_2021년_기준_창업기업실태조사_결과_발표(창업정책과)-중소벤처기업부,https://www.mss.go.kr/site/smba/ex/bbs/View.do?cbIdx=86&bcIdx=1046902&parentSeq=1046902
231228_2024년_벤처창업기업(스타트업)_아카데미_주관대학_추가_모집(벤처정책과)-중소벤처기업부,https://www.mss.go.kr/site/smba/ex/bbs/View.do?cbIdx=86&bcIdx=1046851&parentSeq=1046851
231228_2022년_소상공인_실태조사_잠정결과_발표(소상공인정책과)-중소벤처기업부,https://www.mss.go.kr/site/smba/ex/bbs/View.do?cbIdx=86&bcIdx=1046848&parentSeq=1046848
231227_중소기업_가업승계_활성화를_위한_기반_마련(기업환경정책과)-중소벤처기업부,https://www.mss.go.kr/site/smba/ex/bbs/View.do?cbIdx=86&bcIdx=1046846&parentSeq=1046846
(보도자료)_231227_중대재해_취약분야_기업_지원대책(관계부처_합동)-중소벤처기업부,https://www.mss.go.kr/site/smba/ex/bbs/View.do?cbIdx=86&bcIdx=1046845&parentSeq=1046845
231227_2022년도_수탁위탁거래_정기_실태조사_결과(불공정거래개선과)-중소벤처기업부,https://www.mss.go.kr/site/smba/ex/bbs/View.do?cbIdx=86&bcIdx=1046831&parentSeq=1046831
231226_대-중소기업_기술분쟁,_상생(相生)으로_전환하다(기술보호과)-중소벤처기업부,https://www.mss.go.kr/site/smba/ex/bbs/View.do?cbIdx=86&bcIdx=1046823&parentSeq=1046823
231226_상생결제_사용액_누적_1,000조원_돌파(상생협력정책과)-중소벤처기업부,https://www.mss.go.kr/site/smba/ex/bbs/View.do?cbIdx=86&bcIdx=1046821&parentSeq=1046821
231225_눈꽃_동행축제_헌혈_인증_도전잇기(챌린지)(내수활성화추진단)-중소벤처기업부,https://www.mss.go.kr/site/smba/ex/bbs/View.do?cbIdx=86&bcIdx=1046820&parentSeq=1046820
231221_2024년도_중소벤처기업부_예산안_국회_본회의_의결(재정행정담당관실)-중소벤처기업부,https://www.mss.go.kr/site/smba/ex/bbs/View.do?cbIdx=86&bcIdx=1046793&parentSeq=1046793
231222_생활_속_골목규제부터_덩어리규제까지_규제를_뽀개다(규제개혁법무담당관실)-중소벤처기업부,https://www.mss.go.kr/site/smba/ex/bbs/View.do?cbIdx=86&bcIdx=1046790&parentSeq=1046790
231221_2022년_사회적벤처(소셜벤처)_실태조사_결과_발표(벤처정책과)-중소벤처기업부,https://www.mss.go.kr/site/smba/ex/bbs/View.do?cbIdx=86&bcIdx=1046757&parentSeq=1046757
231219_제24차_의무고발요청_심의위원회_개최(불공정거래개선과)-중소벤처기업부,https://www.mss.go.kr/site/smba/ex/bbs/View.do?cbIdx=86&bcIdx=1046737&parentSeq=1046737
231219_제28회_중소벤처기업_금융지원상_시상식_개최(기업금융과)-중소벤처기업부,https://www.mss.go.kr/site/smba/ex/bbs/View.do?cbIdx=86&bcIdx=1046736&parentSeq=1046736
231219_중소기업_재기지원_활성화_방안_발표(창업정책과)-중소벤처기업부,https://www.mss.go.kr/site/smba/ex/bbs/View.do?cbIdx=86&bcIdx=1046735&parentSeq=1046735
231219_중소기업_특별지원지역_지원제도_설명회_개최(입지환경개선과)-중소벤처기업부,https://www.mss.go.kr/site/smba/ex/bbs/View.do?cbIdx=86&bcIdx=1046734&parentSeq=1046734
231218_동행기업_1만개_참여_기념_연동_우수기업_포상_및_모범사례_발표회(불공정거래개선과)-중소벤처기업부,https://www.mss.go.kr/site/smba/ex/bbs/View.do?cbIdx=86&bcIdx=1046733&parentSeq=1046733
231218_지역상권_상생_및_활성화_종합계획_수립(지역상권과)-중소벤처기업부,https://www.mss.go.kr/site/smba/ex/bbs/View.do?cbIdx=86&bcIdx=1046732&parentSeq=1046732
231218_중소벤처기업부-대한적십자사_간_사회공헌_업무협약_체결(운영지원과)-중소벤처기업부,https://www.mss.go.kr/site/smba/ex/bbs/View.do?cbIdx=86&bcIdx=1046671&parentSeq=1046671
231218_눈꽃_동행축제_온기_나눔_도전잇기(챌린지)_시작(내수활성화추진단)-중소벤처기업부,https://www.mss.go.kr/site/smba/ex/bbs/View.do?cbIdx=86&bcIdx=1046670&parentSeq=1046670
231218_중소벤처기업부-해양수산부_전통시장_온누리상품권_환급행사_추진상황_합동_점검(전통시장과)-중소벤처기업부,https://www.mss.go.kr/site/smba/ex/bbs/View.do?cbIdx=86&bcIdx=1046664&parentSeq=1046664
231215_케이-스타트업_앤드_오픈에이아이_매칭_데이(K-Startup_and_OpenAI_Matching_Day)_개최(미래산업전략팀)-중소벤처기업부,https://www.mss.go.kr/site/smba/ex/bbs/View.do?cbIdx=86&bcIdx=1046640&parentSeq=1046640
231214_2023_벤처창업진흥유공_시상식_개최(벤처정책과)-중소벤처기업부,https://www.mss.go.kr/site/smba/ex/bbs/View.do?cbIdx=86&bcIdx=1046621&parentSeq=1046621
231215_'24년_지능형(스마트)제조혁신_지원사업_통합_공고(제조혁신과)-중소벤처기업부,https://www.mss.go.kr/site/smba/ex/bbs/View.do?cbIdx=86&bcIdx=1046615&parentSeq=1046615
231212_사우디_산업광물자원부와_양자회담_개최(국제통상협력과)-중소벤처기업부,https://www.mss.go.kr/site/smba/ex/bbs/View.do?cbIdx=86&bcIdx=1046558&parentSeq=1046558
231212_지역특구법_시행령_개정안_국무회의_의결(특구정책과)-중소벤처기업부,https://www.mss.go.kr/site/smba/ex/bbs/View.do?cbIdx=86&bcIdx=1046557&parentSeq=1046557
231212_벤처투자_촉진에_관한_법률_시행령_개정안_국무회의_의결(벤처투자과)-중소벤처기업부,https://www.mss.go.kr/site/smba/ex/bbs/View.do?cbIdx=86&bcIdx=1046556&parentSeq=1046556
231211_제1호_대중소_상생형_공동사업전환_현장방문(기업구조개선과)-중소벤처기업부,https://www.mss.go.kr/site/smba/ex/bbs/View.do?cbIdx=86&bcIdx=1046542&parentSeq=1046542
231211_2023_지역특화특구_성과공유회_및_혁신토론회_개최(특구정책과)-중소벤처기업부,https://www.mss.go.kr/site/smba/ex/bbs/View.do?cbIdx=86&bcIdx=1046536&parentSeq=1046536
231211_전통시장도_동행_'12월_눈꽃_동행축제'_참여(전통시장과)-중소벤처기업부,https://www.mss.go.kr/site/smba/ex/bbs/View.do?cbIdx=86&bcIdx=1046535&parentSeq=1046535
231207_12월_눈꽃_동행축제_개막행사_개최(내수활성화추진단)-중소벤처기업부,https://www.mss.go.kr/site/smba/ex/bbs/View.do?cbIdx=86&bcIdx=1046501&parentSeq=1046501
231207_동행축제와_함께하는_'로컬페스타_위드(with)_라이콘'_행사_개최(소상공인성장촉진과)-중소벤처기업부,https://www.mss.go.kr/site/smba/ex/bbs/View.do?cbIdx=86&bcIdx=1046493&parentSeq=1046493
231207_2023_상생결제_확산의_날_개최(상생협력정책과)-중소벤처기업부,https://www.mss.go.kr/site/smba/ex/bbs/View.do?cbIdx=86&bcIdx=1046492&parentSeq=1046492
231208_폐업_소상공인의_성공적인_취업_지원을_위한_현장_간담회_개최(소상공인재도약과)-중소벤처기업부,https://www.mss.go.kr/site/smba/ex/bbs/View.do?cbIdx=86&bcIdx=1046490&parentSeq=1046490
231208_중소기업_물류애로_해소를_위한_물류업계_간담회_개최(글로벌성장정책과)-중소벤처기업부,https://www.mss.go.kr/site/smba/ex/bbs/View.do?cbIdx=86&bcIdx=1046489&parentSeq=1046489
231206_2023_민관협력_개방형_혁신(오픈이노베이션)_성과공유회_개최(기술창업과)-중소벤처기업부,https://www.mss.go.kr/site/smba/ex/bbs/View.do?cbIdx=86&bcIdx=1046488&parentSeq=1046488
231207_불공정거래신고센터_운영협의회_개최(불공정거래개선과)-중소벤처기업부,https://www.mss.go.kr/site/smba/ex/bbs/View.do?cbIdx=86&bcIdx=1046487&parentSeq=1046487
231205_금융권_중소벤처_탄소중립(GX)_협업방안_간담회_개최(기술혁신정책과)-중소벤처기업부,https://www.mss.go.kr/site/smba/ex/bbs/View.do?cbIdx=86&bcIdx=1046428&parentSeq=1046428
231205_장애인기업법_시행령_개정안_국무회의_의결(소상공인정책과)-중소벤처기업부,https://www.mss.go.kr/site/smba/ex/bbs/View.do?cbIdx=86&bcIdx=1046402&parentSeq=1046402
231205_도시형소공인_지원에_관한_특별법_시행령_개정안_국무회의_의결(지역상권과)-중소벤처기업부,https://www.mss.go.kr/site/smba/ex/bbs/View.do?cbIdx=86&bcIdx=1046401&parentSeq=1046401
231205_중소기업제품_공공구매_실효성_제고_방안_발표(판로정책과)-중소벤처기업부,https://www.mss.go.kr/site/smba/ex/bbs/View.do?cbIdx=86&bcIdx=1046400&parentSeq=1046400
231205_2023_중소기업_기술개발(R&D)_성과확산_주간(위크)_개최(기술개발과)-중소벤처기업부,https://www.mss.go.kr/site/smba/ex/bbs/View.do?cbIdx=86&bcIdx=1046369&parentSeq=1046369
231204_2023년도_수탁·위탁거래_정기_실태조사_실시(불공정거래개선과)-중소벤처기업부,https://www.mss.go.kr/site/smba/ex/bbs/View.do?cbIdx=86&bcIdx=1046358&parentSeq=1046358
231130_공공구매_활성화_방안_청년기업에게_묻다(판로정책과)-중소벤처기업부,https://www.mss.go.kr/site/smba/ex/bbs/View.do?cbIdx=86&bcIdx=1046339&parentSeq=1046339
231130_2023_공공구매_촉진대회_개최(판로정책과)-중소벤처기업부,https://www.mss.go.kr/site/smba/ex/bbs/View.do?cbIdx=86&bcIdx=1046338&parentSeq=1046338
231201_2023년_이에스지(ESG)_경영혁신대전_개최(기업환경정책과)-중소벤처기업부,https://www.mss.go.kr/site/smba/ex/bbs/View.do?cbIdx=86&bcIdx=1046337&parentSeq=1046337
231130_초격차_창업기업(스타트업)(딥스(DIPS)_1000+)_기술(테크)_학술대회(컨퍼런스)_개최(미래산업전략팀)-중소벤처기업부,https://www.mss.go.kr/site/smba/ex/bbs/View.do?cbIdx=86&bcIdx=1046336&parentSeq=1046336
231129_2023_동반성장_주간_기념식_개최(상생협력정책과)-중소벤처기업부,https://www.mss.go.kr/site/smba/ex/bbs/View.do?cbIdx=86&bcIdx=1046290&parentSeq=1046290
231129_오기웅_차관_지능형(스마트)공장_구축기업_현장_방문(제조혁신과)-중소벤처기업부,https://www.mss.go.kr/site/smba/ex/bbs/View.do?cbIdx=86&bcIdx=1046289&parentSeq=1046289
231129_12월_눈꽃_동행축제_추진계획_발표(소비촉진기획총괄반)-중소벤처기업부,https://www.mss.go.kr/site/smba/ex/bbs/View.do?cbIdx=86&bcIdx=1046288&parentSeq=1046288
231129_제55차_지역특화발전특구위원회_개최(특구운영과)-중소벤처기업부,https://www.mss.go.kr/site/smba/ex/bbs/View.do?cbIdx=86&bcIdx=1046287&parentSeq=1046287
231129_케이(K)-사회적벤처(소셜벤처)_축제(페스타)_2023_개최(벤처정책과)-중소벤처기업부,https://www.mss.go.kr/site/smba/ex/bbs/View.do?cbIdx=86&bcIdx=1046247&parentSeq=1046247
231128_제조현장_문제_자료(데이터)와_인공지능으로_푼다(제조혁신과)-중소벤처기업부,https://www.mss.go.kr/site/smba/ex/bbs/View.do?cbIdx=86&bcIdx=1046246&parentSeq=1046246
231128_'2023_플레이_스타트업'_개최(청년정책과)-중소벤처기업부,https://www.mss.go.kr/site/smba/ex/bbs/View.do?cbIdx=86&bcIdx=1046210&parentSeq=1046210
231126_제12차_규제자유특구위원회_개최(특구운영과)-중소벤처기업부,https://www.mss.go.kr/site/smba/ex/bbs/View.do?cbIdx=86&bcIdx=1046209&parentSeq=1046209
231127_벤처천억기업_900개사_육박(벤처정책과)-중소벤처기업부,https://www.mss.go.kr/site/smba/ex/bbs/View.do?cbIdx=86&bcIdx=1046208&parentSeq=1046208
231127_중소벤처기업부_청년실습사원(인턴)_성과공유회_개최(청년정책과)-중소벤처기업부,https://www.mss.go.kr/site/smba/ex/bbs/View.do?cbIdx=86&bcIdx=1046207&parentSeq=1046207
231124_전통시장_활력_제고를_위한_청년상인_2차_간담회(전통시장과)-중소벤처기업부,https://www.mss.go.kr/site/smba/ex/bbs/View.do?cbIdx=86&bcIdx=1046166&parentSeq=1046166
231123_규제뽀개기_4탄,_소상공인_골목규제_뽀개기_개최(옴부즈만지원단)-중소벤처기업부,https://www.mss.go.kr/site/smba/ex/bbs/View.do?cbIdx=86&bcIdx=1046139&parentSeq=1046139
231124_강원권_생명공학(바이오)·건강관리(헬스케어)_분야_중소기업_간담회_개최(글로벌성장정책과)-중소벤처기업부,https://www.mss.go.kr/site/smba/ex/bbs/View.do?cbIdx=86&bcIdx=1046118&parentSeq=1046118
231122_민생경제_활성화_및_국민불편_해소를_위해_민생규제_혁파_최우선_추진(옴부즈만지원단)-중소벤처기업부,https://www.mss.go.kr/site/smba/ex/bbs/View.do?cbIdx=86&bcIdx=1046107&parentSeq=1046107
231123_12월_눈꽃_동행축제_참여기업_100개사_선정(소비촉진기획총괄반)-중소벤처기업부,https://www.mss.go.kr/site/smba/ex/bbs/View.do?cbIdx=86&bcIdx=1046106&parentSeq=1046106
231122_2023년_중소벤처기업부_적극행정_우수사례_선정(규제개혁법무담당관실)-중소벤처기업부,https://www.mss.go.kr/site/smba/ex/bbs/View.do?cbIdx=86&bcIdx=1046098&parentSeq=1046098
231121_2023_대·중소기업_상생_기술협력_박람회(페어)_개최(기술개발과)-중소벤처기업부,https://www.mss.go.kr/site/smba/ex/bbs/View.do?cbIdx=86&bcIdx=1046070&parentSeq=1046070
231120_중소벤처기업부-환경부,_다회용품_사용문화_정착을_위한_도시락_모임(브라운백_미팅)_개최(소상공인정책과)-중소벤처기업부,https://www.mss.go.kr/site/smba/ex/bbs/View.do?cbIdx=86&bcIdx=1046023&parentSeq=1046023
231120_제1호_민간_벤처모기금(펀드)_조성(벤처투자과)-중소벤처기업부,https://www.mss.go.kr/site/smba/ex/bbs/View.do?cbIdx=86&bcIdx=1046022&parentSeq=1046022
231116_2023_중소기업_융합대전_개최(입지환경개선과)-중소벤처기업부,https://www.mss.go.kr/site/smba/ex/bbs/View.do?cbIdx=86&bcIdx=1045990&parentSeq=1045990
231117_'2023_메이커_데이'_개최(창업생태계과)-중소벤처기업부,https://www.mss.go.kr/site/smba/ex/bbs/View.do?cbIdx=86&bcIdx=1045975&parentSeq=1045975
231116_지역_주력산업_성장을_견인할_초광역권_선도기업_모집(지역혁신정책과)-중소벤처기업부,https://www.mss.go.kr/site/smba/ex/bbs/View.do?cbIdx=86&bcIdx=1045972&parentSeq=1045972
231115_장관·지방위원장_창조경제혁신센터_간담회_개최(창업생태계과)-중소벤처기업부,https://www.mss.go.kr/site/smba/ex/bbs/View.do?cbIdx=86&bcIdx=1045946&parentSeq=1045946
231116_''23년_청년창업사관학교_드림쇼'_개최(청년정책과)-중소벤처기업부,https://www.mss.go.kr/site/smba/ex/bbs/View.do?cbIdx=86&bcIdx=1045945&parentSeq=1045945
231115_2023년_세계_기업가정신_주간_행사_개최(청년정책과)-중소벤처기업부,https://www.mss.go.kr/site/smba/ex/bbs/View.do?cbIdx=86&bcIdx=1045898&parentSeq=1045898
231115_미래여성경제인육성_통합_공동_연수(워크숍)_개최(기업환경정책과)-중소벤처기업부,https://www.mss.go.kr/site/smba/ex/bbs/View.do?cbIdx=86&bcIdx=1045897&parentSeq=1045897
231113_2023_여성벤처주간_개막식_개최(벤처정책과)-중소벤처기업부,https://www.mss.go.kr/site/smba/ex/bbs/View.do?cbIdx=86&bcIdx=1045876&parentSeq=1045876
231113_대규모_투자유치_벤처기업_간담회_개최(벤처정책과)-중소벤처기업부,https://www.mss.go.kr/site/smba/ex/bbs/View.do?cbIdx=86&bcIdx=1045874&parentSeq=1045874
231113_2024년_중소기업_혁신이용권(바우처)_지원사업_1차_공고(지역혁신정책과)-중소벤처기업부,https://www.mss.go.kr/site/smba/ex/bbs/View.do?cbIdx=86&bcIdx=1045842&parentSeq=1045842
231113_2023년_3분기_중소기업_수출_동향(글로벌성장정책과)-중소벤처기업부,https://www.mss.go.kr/site/smba/ex/bbs/View.do?cbIdx=86&bcIdx=1045838&parentSeq=1045838
231111_'한국-덴마크_마스터클래스_온라인_창업교육'_개최(청년정책과)-중소벤처기업부,https://www.mss.go.kr/site/smba/ex/bbs/View.do?cbIdx=86&bcIdx=1045809&parentSeq=1045809
231111_케이(K)-세계(글로벌)_협력지구(클러스터)_행사_3일차_진행(특구정책과)-중소벤처기업부,https://www.mss.go.kr/site/smba/ex/bbs/View.do?cbIdx=86&bcIdx=1045808&parentSeq=1045808
231110_중소기업기본법_일부개정법률안_국무회의_의결(옴부즈만지원단)-중소벤처기업부,https://www.mss.go.kr/site/smba/ex/bbs/View.do?cbIdx=86&bcIdx=1045807&parentSeq=1045807
(보도참고자료)_231109_공영홈쇼핑_감사_착수(감사담당관실)-중소벤처기업부,https://www.mss.go.kr/site/smba/ex/bbs/View.do?cbIdx=86&bcIdx=1045792&parentSeq=1045792
231109_컴업과_연계한_2023_세계(글로벌)_기업형벤처투자사(CVC)_학술회의(컨퍼런스)_개최(벤처투자과)-중소벤처기업부,https://www.mss.go.kr/site/smba/ex/bbs/View.do?cbIdx=86&bcIdx=1045791&parentSeq=1045791
231109_일본_생명공학(바이오)_협력지구(클러스터)_'쇼난_헬스_이노베이션_파크'와_업무협약_체결(특구정책과)-중소벤처기업부,https://www.mss.go.kr/site/smba/ex/bbs/View.do?cbIdx=86&bcIdx=1045790&parentSeq=1045790
231110_2023년_명문장수기업_확인서_수여식_개최(기업환경정책과)-중소벤처기업부,https://www.mss.go.kr/site/smba/ex/bbs/View.do?cbIdx=86&bcIdx=1045789&parentSeq=1045789
231110_'소부장_스타트업_100_브릿지_데이'_개최(미래산업전략팀)-중소벤처기업부,https://www.mss.go.kr/site/smba/ex/bbs/View.do?cbIdx=86&bcIdx=1045788&parentSeq=1045788
231110_2023년_3분기_국내_벤처투자_및_기금(펀드)결성_동향_발표(투자관리감독과)-중소벤처기업부,https://www.mss.go.kr/site/smba/ex/bbs/View.do?cbIdx=86&bcIdx=1045787&parentSeq=1045787
231108_이영_장관-아랍에미리트(UAE)_경제부_장관_양국_협력강화_방안_모색_위한_양자면담(국제통상협력과)-중소벤처기업부,https://www.mss.go.kr/site/smba/ex/bbs/View.do?cbIdx=86&bcIdx=1045760&parentSeq=1045760
231108_중소벤처기업부-코스메틱_밸리_업무협약(MOU)(특구정책과)-중소벤처기업부,https://www.mss.go.kr/site/smba/ex/bbs/View.do?cbIdx=86&bcIdx=1045759&parentSeq=1045759
231108_케이(K)-세계(글로벌)_협력지구(클러스터)_2023_개막식_개최(특구정책과)-중소벤처기업부,https://www.mss.go.kr/site/smba/ex/bbs/View.do?cbIdx=86&bcIdx=1045758&parentSeq=1045758
231108_컴업_2023_개막(창업정책과)-중소벤처기업부,https://www.mss.go.kr/site/smba/ex/bbs/View.do?cbIdx=86&bcIdx=1045739&parentSeq=1045739
231108_벤처투자법령_위반_행정처분_재심의_계획_공고(투자관리감독과)-중소벤처기업부,https://www.mss.go.kr/site/smba/ex/bbs/View.do?cbIdx=86&bcIdx=1045718&parentSeq=1045718
231108_올해_첫_'윈윈_아너스'_5건_선정(상생협력정책과)-중소벤처기업부,https://www.mss.go.kr/site/smba/ex/bbs/View.do?cbIdx=86&bcIdx=1045717&parentSeq=1045717
231107_한-사우디_중소기업·창업기업(스타트업)_협력_이행안(로드맵)_수립_논의_위한_양자회담_개최(국제통상협력과)-중소벤처기업부,https://www.mss.go.kr/site/smba/ex/bbs/View.do?cbIdx=86&bcIdx=1045716&parentSeq=1045716
231107_2023_세계(글로벌)_기업형_벤처투자사(CVC)_학술대회(컨퍼런스)_개최(벤처투자과)-중소벤처기업부,https://www.mss.go.kr/site/smba/ex/bbs/View.do?cbIdx=86&bcIdx=1045681&parentSeq=1045681
231106_컴업과_연계한_케이(K)-세계(글로벌)_협력지구(클러스터)_2023_개최(특구정책과)-중소벤처기업부,https://www.mss.go.kr/site/smba/ex/bbs/View.do?cbIdx=86&bcIdx=1045671&parentSeq=1045671
231103_2023년_대한민국_소상공인대회_개최(소상공인정책과)-중소벤처기업부,https://www.mss.go.kr/site/smba/ex/bbs/View.do?cbIdx=86&bcIdx=1045651&parentSeq=1045651
231102_케이(K)-창업기업(스타트업)_그랜드_도전(챌린지)_2023_시연회(데모데이)_개최(기술창업과)-중소벤처기업부,https://www.mss.go.kr/site/smba/ex/bbs/View.do?cbIdx=86&bcIdx=1045633&parentSeq=1045633
231102_제1회_지역혁신대전_개최(지역혁신정책과)-중소벤처기업부,https://www.mss.go.kr/site/smba/ex/bbs/View.do?cbIdx=86&bcIdx=1045631&parentSeq=1045631
231103_'2023_청소년비즈쿨_축제(페스티벌)'_개최(청년정책과)-중소벤처기업부,https://www.mss.go.kr/site/smba/ex/bbs/View.do?cbIdx=86&bcIdx=1045626&parentSeq=1045626
231101_'23년_제3차_중소기업정책심의회_개최(정책분석평가과)-중소벤처기업부,https://www.mss.go.kr/site/smba/ex/bbs/View.do?cbIdx=86&bcIdx=1045610&parentSeq=1045610
231031_도전!_케이(K)-창업기업(스타트업)_2023_왕중왕전_개최(기술창업과)-중소벤처기업부,https://www.mss.go.kr/site/smba/ex/bbs/View.do?cbIdx=86&bcIdx=1045559&parentSeq=1045559
231101_경상권_수출_중소기업_간담회_개최(글로벌성장정책과,_제조혁신과)-중소벤처기업부,https://www.mss.go.kr/site/smba/ex/bbs/View.do?cbIdx=86&bcIdx=1045548&parentSeq=1045548
231101_케이-스타트업_&_오픈에이아이_매칭_데이(K-Startup_&_OpenAI_Matching_Day)_행사_참여기업_모집(미래산업전략팀)-중소벤처기업부,https://www.mss.go.kr/site/smba/ex/bbs/View.do?cbIdx=86&bcIdx=1045543&parentSeq=1045543
(보도참고자료)_231030_지역특화산업육성3,https://www.mss.go.kr/site/smba/ex/bbs/View.do?cbIdx=86&bcIdx=1045509&parentSeq=1045509
231030_컴업_2023_기자회견(브리핑)_진행(창업정책과)-중소벤처기업부,https://www.mss.go.kr/site/smba/ex/bbs/View.do?cbIdx=86&bcIdx=1045508&parentSeq=1045508
231030_2023_벤처창업기업(스타트업)_인재연계(매칭)_축제(페스티벌)_개최_및_인도공과대학과_업무협약(MOU)_체결(벤처정책과)-중소벤처기업부,https://www.mss.go.kr/site/smba/ex/bbs/View.do?cbIdx=86&bcIdx=1045507&parentSeq=1045507
231030_중소기업사업전환법_시행령_개정안_국무회의_의결(기업구조개선과)-중소벤처기업부,https://www.mss.go.kr/site/smba/ex/bbs/View.do?cbIdx=86&bcIdx=1045499&parentSeq=1045499
231030_2023년_중소기업_사업조정_이행실태조사_실시(사업영역조정과)-중소벤처기업부,https://www.mss.go.kr/site/smba/ex/bbs/View.do?cbIdx=86&bcIdx=1045497&parentSeq=1045497
231030_미쓰잭슨-㈜현대퓨처넷_분쟁,_당사자_간_상생합의로_최종_종결(기술보호과)-중소벤처기업부,https://www.mss.go.kr/site/smba/ex/bbs/View.do?cbIdx=86&bcIdx=1045496&parentSeq=1045496
(보도참고자료)_231025_한-카타르_중소벤처협력_양해각서_체결(국제통상협력과)-중소벤처기업부,https://www.mss.go.kr/site/smba/ex/bbs/View.do?cbIdx=86&bcIdx=1045391&parentSeq=1045391
231023_중소기업협동조합법_시행령_개정안_입법예고(소상공인재도약과)-중소벤처기업부,https://www.mss.go.kr/site/smba/ex/bbs/View.do?cbIdx=86&bcIdx=1045296&parentSeq=1045296
231023_중소기업_인재대학_선정_결과(인력정책과)-중소벤처기업부,https://www.mss.go.kr/site/smba/ex/bbs/View.do?cbIdx=86&bcIdx=1045295&parentSeq=1045295
231023_12월_눈꽃_동행축제_참여기업_모집(소비촉진기획총괄반)-중소벤처기업부,https://www.mss.go.kr/site/smba/ex/bbs/View.do?cbIdx=86&bcIdx=1045294&parentSeq=1045294
231020_청년_창업정책_사우디_전수(청년정책과)-중소벤처기업부,https://www.mss.go.kr/site/smba/ex/bbs/View.do?cbIdx=86&bcIdx=1045273&parentSeq=1045273
231019_2023_기업형_벤처투자사(벤처캐피탈)(CVC)_벤처투자_학술회의(컨퍼런스)_개최(벤처투자과)-중소벤처기업부,https://www.mss.go.kr/site/smba/ex/bbs/View.do?cbIdx=86&bcIdx=1045257&parentSeq=1045257
(보도참고자료)_231018_2023_중소기업_기술·경영_혁신대전_유공포상_시상식(기술혁신정책과)-중소벤처기업부,https://www.mss.go.kr/site/smba/ex/bbs/View.do?cbIdx=86&bcIdx=1045237&parentSeq=1045237
231018_황금녘_동행축제_최종_매출실적_발표(소비촉진기획총괄반)-중소벤처기업부,https://www.mss.go.kr/site/smba/ex/bbs/View.do?cbIdx=86&bcIdx=1045195&parentSeq=1045195
231016_에스케이(SK)스토아,_민간_안방구매(홈쇼핑)_최초_유통망_상생결제_도입(상생협력정책과)-중소벤처기업부,https://www.mss.go.kr/site/smba/ex/bbs/View.do?cbIdx=86&bcIdx=1045165&parentSeq=1045165
231017_'23년_중소기업_기술개발(R&D)_우수성과_50선_선정(기술개발과)-중소벤처기업부,https://www.mss.go.kr/site/smba/ex/bbs/View.do?cbIdx=86&bcIdx=1045152&parentSeq=1045152
231016_지역특구법_시행령_개정안_입법예고(특구정책과)-중소벤처기업부,https://www.mss.go.kr/site/smba/ex/bbs/View.do?cbIdx=86&bcIdx=1045149&parentSeq=1045149
231016_2023_기술경영_혁신대전_개최(기술혁신정책과)-중소벤처기업부,https://www.mss.go.kr/site/smba/ex/bbs/View.do?cbIdx=86&bcIdx=1045118&parentSeq=1045118
(보도참고자료)_231011_이스라엘-팔레스타인_사태_관련_현안점검회의_개최(국제통상협력과)-중소벤처기업부,https://www.mss.go.kr/site/smba/ex/bbs/View.do?cbIdx=86&bcIdx=1045057&parentSeq=1045057
231010_벤처투자법_시행령_개정안_국무회의_의결(벤처투자과)-중소벤처기업부,https://www.mss.go.kr/site/smba/ex/bbs/View.do?cbIdx=86&bcIdx=1045010&parentSeq=1045010
231010_도전!_케이(K)-창업기업(스타트업)_2023_왕중왕전_진출조(팀)_선발(기술창업과)-중소벤처기업부,https://www.mss.go.kr/site/smba/ex/bbs/View.do?cbIdx=86&bcIdx=1045009&parentSeq=1045009
231009_'라이콘'_육성_마지막(파이널)_투자유치(피칭)대회_결과(소상공인성장촉진과)-중소벤처기업부,https://www.mss.go.kr/site/smba/ex/bbs/View.do?cbIdx=86&bcIdx=1045005&parentSeq=1045005
231006_'2023_전국우수시장박람회,_'케이(K)-마켓_페어'_개막식'_개최(전통시장과)-중소벤처기업부,https://www.mss.go.kr/site/smba/ex/bbs/View.do?cbIdx=86&bcIdx=1044978&parentSeq=1044978
231005_벤처투자_활력제고_방안_발표(벤처투자과,_투자관리감독과)-중소벤처기업부,https://www.mss.go.kr/site/smba/ex/bbs/View.do?cbIdx=86&bcIdx=1044948&parentSeq=1044948
231006_'제5회_팹리스-파운드리_상생협의회'_개최(미래산업전략팀)-중소벤처기업부,https://www.mss.go.kr/site/smba/ex/bbs/View.do?cbIdx=86&bcIdx=1044935&parentSeq=1044935
231005_'23년_인재육성형_중소기업_지정(인력정책과)-중소벤처기업부,https://www.mss.go.kr/site/smba/ex/bbs/View.do?cbIdx=86&bcIdx=1044931&parentSeq=1044931
231004_'라이콘_육성_파이널_피칭대회'_진행(소상공인성장촉진과)-중소벤처기업부,https://www.mss.go.kr/site/smba/ex/bbs/View.do?cbIdx=86&bcIdx=1044913&parentSeq=1044913
231005_'2023_전국우수시장박람회,_케이(K)_마켓_페어'_개최(전통시장과)-중소벤처기업부,https://www.mss.go.kr/site/smba/ex/bbs/View.do?cbIdx=86&bcIdx=1044911&parentSeq=1044911
231004_장애인기업법_시행령_개정안_국무회의_의결(소상공인정책과)-중소벤처기업부,https://www.mss.go.kr/site/smba/ex/bbs/View.do?cbIdx=86&bcIdx=1044909&parentSeq=1044909
231004_'2023_벤처스타트업_소프트웨어(SW)개발인재_매칭페스티벌'_개최(벤처정책과)-중소벤처기업부,https://www.mss.go.kr/site/smba/ex/bbs/View.do?cbIdx=86&bcIdx=1044891&parentSeq=1044891
231004_납품대금_연동제_시행(불공정거래개선과)-중소벤처기업부,https://www.mss.go.kr/site/smba/ex/bbs/View.do?cbIdx=86&bcIdx=1044890&parentSeq=1044890
230926_오기웅_차관_강원_지역가치_창업가(로컬크리에이터)_현장_및_전통시장_방문(소상공인성장촉진과)-중소벤처기업부,https://www.mss.go.kr/site/smba/ex/bbs/View.do?cbIdx=86&bcIdx=1044804&parentSeq=1044804
230927_소상공인_제품_'글로벌_라이브커머스'_진행(디지털소상공인과)-중소벤처기업부,https://www.mss.go.kr/site/smba/ex/bbs/View.do?cbIdx=86&bcIdx=1044784&parentSeq=1044784
230927_황금녘_동행축제_10월_8일까지_연장(소비촉진기획총괄반)-중소벤처기업부,https://www.mss.go.kr/site/smba/ex/bbs/View.do?cbIdx=86&bcIdx=1044783&parentSeq=1044783
230925_이영_장관_행복한백화점_및_가락시장_방문(소비촉진기획총괄반,_전통시장과)-중소벤처기업부,https://www.mss.go.kr/site/smba/ex/bbs/View.do?cbIdx=86&bcIdx=1044758&parentSeq=1044758
230922_한-덴마크_중소기업_및_창업기업(스타트업)_지원_업무협약_체결(국제통상협력과)-중소벤처기업부,https://www.mss.go.kr/site/smba/ex/bbs/View.do?cbIdx=86&bcIdx=1044729&parentSeq=1044729
(보도참고자료)_230921_'2023_황금녘_동행축제_챌린지'_영상_조회수_500만회_돌파(디지털소통팀)-중소벤처기업부,https://www.mss.go.kr/site/smba/ex/bbs/View.do?cbIdx=86&bcIdx=1044722&parentSeq=1044722
230919_'강한소상공인_밋업데이&플리마켓'_개최(소상공인성장촉진과)-중소벤처기업부,https://www.mss.go.kr/site/smba/ex/bbs/View.do?cbIdx=86&bcIdx=1044720&parentSeq=1044720
230922_용산어린이정원_팔도장터_개최(소비촉진기획총괄반)-중소벤처기업부,https://www.mss.go.kr/site/smba/ex/bbs/View.do?cbIdx=86&bcIdx=1044719&parentSeq=1044719
230921_'2023_대한민국_소싱위크'_개최(글로벌성장정책과)-중소벤처기업부,https://www.mss.go.kr/site/smba/ex/bbs/View.do?cbIdx=86&bcIdx=1044718&parentSeq=1044718
230921_'스케일업_팁스_2차_밋업_행사'_개최(기술혁신정책과)-중소벤처기업부,https://www.mss.go.kr/site/smba/ex/bbs/View.do?cbIdx=86&bcIdx=1044717&parentSeq=1044717
230921_핀란드와_청년_창업정책_교류(국제통상협력과)-중소벤처기업부,https://www.mss.go.kr/site/smba/ex/bbs/View.do?cbIdx=86&bcIdx=1044713&parentSeq=1044713
230921_추석연휴_가족과_함께_방문하면_좋을_전통시장_17선(전통시장과)-중소벤처기업부,https://www.mss.go.kr/site/smba/ex/bbs/View.do?cbIdx=86&bcIdx=1044679&parentSeq=1044679
230920_'초격차_스타트업_개방형_혁신(오픈이노베이션)_챌린지'_참여기업_모집(미래산업전략팀)-중소벤처기업부,https://www.mss.go.kr/site/smba/ex/bbs/View.do?cbIdx=86&bcIdx=1044678&parentSeq=1044678
230920_추석_명절_자금_관련_권역별_합동_설명회_개최(기업금융과)-중소벤처기업부,https://www.mss.go.kr/site/smba/ex/bbs/View.do?cbIdx=86&bcIdx=1044660&parentSeq=1044660
230920_황금녘_동행축제_전통시장_및_상점가_참여(전통시장과)-중소벤처기업부,https://www.mss.go.kr/site/smba/ex/bbs/View.do?cbIdx=86&bcIdx=1044659&parentSeq=1044659
230919_온누리상품권_가맹점_정비를_위한_전통시장법_시행령_개정안_국무회의_의결(전통시장과)-중소벤처기업부,https://www.mss.go.kr/site/smba/ex/bbs/View.do?cbIdx=86&bcIdx=1044658&parentSeq=1044658
230919_납품대금_연동제_시행을_위한_상생협력법_시행령_개정안_국무회의_의결(불공정거래개선과)-중소벤처기업부,https://www.mss.go.kr/site/smba/ex/bbs/View.do?cbIdx=86&bcIdx=1044654&parentSeq=1044654
230918_오기웅_차관_황금녘_동행축제_연계_영광_불갑산_상사화축제_방문(소비촉진기획총괄반)-중소벤처기업부,https://www.mss.go.kr/site/smba/ex/bbs/View.do?cbIdx=86&bcIdx=1044607&parentSeq=1044607
230918_이영_장관_추석_민생_점검_및_디지털_제조혁신_현장_방문(기업금융과,_제조혁신과)-중소벤처기업부,https://www.mss.go.kr/site/smba/ex/bbs/View.do?cbIdx=86&bcIdx=1044606&parentSeq=1044606
230918_신(新)_디지털_제조혁신_추진전략_발표(제조혁신과)-중소벤처기업부,https://www.mss.go.kr/site/smba/ex/bbs/View.do?cbIdx=86&bcIdx=1044562&parentSeq=1044562
230918_9월_황금녘_동행축제_중간_매출_실적_공개(소비촉진기획총괄반)-중소벤처기업부,https://www.mss.go.kr/site/smba/ex/bbs/View.do?cbIdx=86&bcIdx=1044560&parentSeq=1044560
230914_2023년_청년의날_기념행사_개최(청년정책과)-중소벤처기업부,https://www.mss.go.kr/site/smba/ex/bbs/View.do?cbIdx=86&bcIdx=1044514&parentSeq=1044514
230914_지방시대_선포식_계기_지방시대_비전과_전략_발표(중소벤처기업부_소상공인성장촉진과)-중소벤처기업부,https://www.mss.go.kr/site/smba/ex/bbs/View.do?cbIdx=86&bcIdx=1044499&parentSeq=1044499
230915_동행축제_연계_지역행사_5선_소개(소비촉진기획총괄반)-중소벤처기업부,https://www.mss.go.kr/site/smba/ex/bbs/View.do?cbIdx=86&bcIdx=1044469&parentSeq=1044469
230914_중소벤처기업부_'왔다'_앱_서비스_개시(정보화담당관실)-중소벤처기업부,https://www.mss.go.kr/site/smba/ex/bbs/View.do?cbIdx=86&bcIdx=1044462&parentSeq=1044462
230914_2023년_상반기_창업기업동향_발표(정책분석평가과)-중소벤처기업부,https://www.mss.go.kr/site/smba/ex/bbs/View.do?cbIdx=86&bcIdx=1044459&parentSeq=1044459
230913_장관급_중앙행정기관_청년보좌역_채용_공고(중소벤처기업부_운영지원과)-중소벤처기업부,https://www.mss.go.kr/site/smba/ex/bbs/View.do?cbIdx=86&bcIdx=1044436&parentSeq=1044436
230914_중소벤처기업부_공무원노동조합_황금녘_동행축제_동참(중소벤처기업부_공무원노동조합)-중소벤처기업부,https://www.mss.go.kr/site/smba/ex/bbs/View.do?cbIdx=86&bcIdx=1044435&parentSeq=1044435
230913_전통시장_청년상인_간담회_개최(전통시장과)-중소벤처기업부,https://www.mss.go.kr/site/smba/ex/bbs/View.do?cbIdx=86&bcIdx=1044434&parentSeq=1044434
230913_'청년_스타트업_글로벌_출정식_및_현장간담회'_개최(청년정책과)-중소벤처기업부,https://www.mss.go.kr/site/smba/ex/bbs/View.do?cbIdx=86&bcIdx=1044429&parentSeq=1044429
230913_황금녘_동행축제_3주차_'동행축제가_대신_선물해드립니다'_행사(이벤트)_진행(소비촉진기획총괄반)-중소벤처기업부,https://www.mss.go.kr/site/smba/ex/bbs/View.do?cbIdx=86&bcIdx=1044376&parentSeq=1044376
230911_중소벤처기업부-공정거래위원회_납품대금_연동제_현장안착_간담회_개최(불공정거래개선과)-중소벤처기업부,https://www.mss.go.kr/site/smba/ex/bbs/View.do?cbIdx=86&bcIdx=1044347&parentSeq=1044347
230911_테크노파크·창조경제혁신센터_연석회의_개최(지역혁신정책과)-중소벤처기업부,https://www.mss.go.kr/site/smba/ex/bbs/View.do?cbIdx=86&bcIdx=1044335&parentSeq=1044335
230907_황금녘_동행축제_2주차_지역행사_방문_인증_운동(캠페인)_진행(소비촉진기획총괄반)-중소벤처기업부,https://www.mss.go.kr/site/smba/ex/bbs/View.do?cbIdx=86&bcIdx=1044281&parentSeq=1044281
230905_디지털_제조혁신_정책_의견_수렴_위한_업계_대표_및_전문가_참여_간담회_개최(제조혁신과)-중소벤처기업부,https://www.mss.go.kr/site/smba/ex/bbs/View.do?cbIdx=86&bcIdx=1044244&parentSeq=1044244
230906_'도전!_케이(K)_스타트업_2023_통합본선_개막식_행사'_개최(기술창업과)-중소벤처기업부,https://www.mss.go.kr/site/smba/ex/bbs/View.do?cbIdx=86&bcIdx=1044239&parentSeq=1044239
230905_집중호우_피해_소상공인_재난지원금_선지급(소상공인정책과)-중소벤처기업부,https://www.mss.go.kr/site/smba/ex/bbs/View.do?cbIdx=86&bcIdx=1044238&parentSeq=1044238
230904_황금녘_동행축제_개막행사_성황리에_개최(소비촉진기획총괄반)-중소벤처기업부,https://www.mss.go.kr/site/smba/ex/bbs/View.do?cbIdx=86&bcIdx=1044226&parentSeq=1044226
230905_'중소벤처_킬러규제_전담조직(TF)_150대_과제'_선정(규제개혁법무담당관실)-중소벤처기업부,https://www.mss.go.kr/site/smba/ex/bbs/View.do?cbIdx=86&bcIdx=1044225&parentSeq=1044225
230904_중소벤처기업부-로레알_그룹_'뷰티테크_디바이스_분야_중소기업_및_스타트업_모집'(특구정책과)-중소벤처기업부,https://www.mss.go.kr/site/smba/ex/bbs/View.do?cbIdx=86&bcIdx=1044224&parentSeq=1044224
230901_중소벤처기업부-방위사업청_방산분야_상생협약_체결(상생협력정책과)-중소벤처기업부,https://www.mss.go.kr/site/smba/ex/bbs/View.do?cbIdx=86&bcIdx=1044157&parentSeq=1044157
230901_기술개발제품_공공기관_실증지원_사업_신규_도입(판로정책과)-중소벤처기업부,https://www.mss.go.kr/site/smba/ex/bbs/View.do?cbIdx=86&bcIdx=1044118&parentSeq=1044118
230901_'로컬브랜드_창출'사업(소상공인성장촉진과)-중소벤처기업부,https://www.mss.go.kr/site/smba/ex/bbs/View.do?cbIdx=86&bcIdx=1044107&parentSeq=1044107
230831_추석_명절_맞이_중소기업·소상공인_지원방안_마련(기획혁신담당관)-중소벤처기업부,https://www.mss.go.kr/site/smba/ex/bbs/View.do?cbIdx=86&bcIdx=1044071&parentSeq=1044071
230829_중소벤처기업부_청년인턴,_무슨_일하나_봤더니(청년정책과)-중소벤처기업부,https://www.mss.go.kr/site/smba/ex/bbs/View.do?cbIdx=86&bcIdx=1044065&parentSeq=1044065
230830_백년가게_및_백년소공인_138개사_신규지정(지역상권과)-중소벤처기업부,https://www.mss.go.kr/site/smba/ex/bbs/View.do?cbIdx=86&bcIdx=1044064&parentSeq=1044064
230830_'스타트업_코리아_종합대책'(창업정책과)-중소벤처기업부,https://www.mss.go.kr/site/smba/ex/bbs/View.do?cbIdx=86&bcIdx=1044049&parentSeq=1044049
230829_'2023년_팹리스_챌린지_대회_시상식'_개최(미래산업전략팀)-중소벤처기업부,https://www.mss.go.kr/site/smba/ex/bbs/View.do?cbIdx=86&bcIdx=1044030&parentSeq=1044030
230830_2023_황금녘_동행축제_온라인_판촉전_본격_전개(소비촉진기획총괄반)-중소벤처기업부,https://www.mss.go.kr/site/smba/ex/bbs/View.do?cbIdx=86&bcIdx=1044029&parentSeq=1044029
230829_'24년_중소벤처기업부_예산안(재정행정담당관실)-중소벤처기업부,https://www.mss.go.kr/site/smba/ex/bbs/View.do?cbIdx=86&bcIdx=1044028&parentSeq=1044028
230829_사우디_리야드글로벌비즈니스센터(GBC)_입주기업_모집(글로벌성장정책과)-중소벤처기업부,https://www.mss.go.kr/site/smba/ex/bbs/View.do?cbIdx=86&bcIdx=1043989&parentSeq=1043989
230829_외식업_소상공인_기_살리기_참여_잇기(캠페인)_진행(소비촉진기획총괄반)-중소벤처기업부,https://www.mss.go.kr/site/smba/ex/bbs/View.do?cbIdx=86&bcIdx=1043988&parentSeq=1043988
230828_이동_수단(모빌리티)_분야_규제뽀개기_모의재판_개최(특구정책과)-중소벤처기업부,https://www.mss.go.kr/site/smba/ex/bbs/View.do?cbIdx=86&bcIdx=1043981&parentSeq=1043981
230828_2023_황금녁_동행축제_온라인_행사(이벤트)_진행(디지털소통팀)-중소벤처기업부,https://www.mss.go.kr/site/smba/ex/bbs/View.do?cbIdx=86&bcIdx=1043980&parentSeq=1043980
230825_'제3회_중소기업_혁신_네트워크_포럼'_개최(기술혁신정책과)-중소벤처기업부,https://www.mss.go.kr/site/smba/ex/bbs/View.do?cbIdx=86&bcIdx=1043966&parentSeq=1043966
230825_제주지역_전통시장-제주은행_장금이_결연(전통시장과)-중소벤처기업부,https://www.mss.go.kr/site/smba/ex/bbs/View.do?cbIdx=86&bcIdx=1043951&parentSeq=1043951
230824_2021년_기준_중소기업_및_소상공인_기본통계_결과_발표(정책분석평가과)-중소벤처기업부,https://www.mss.go.kr/site/smba/ex/bbs/View.do?cbIdx=86&bcIdx=1043937&parentSeq=1043937
230824_'스케일업_팁스_네트워킹_행사'_개최(기술혁신정책과)-중소벤처기업부,https://www.mss.go.kr/site/smba/ex/bbs/View.do?cbIdx=86&bcIdx=1043935&parentSeq=1043935
230823_2023_황금녘_동행축제_추진계획_발표(소비촉진기획총괄반)-중소벤처기업부,https://www.mss.go.kr/site/smba/ex/bbs/View.do?cbIdx=86&bcIdx=1043918&parentSeq=1043918
230822_'2023년_글로벌펀드_운용사_선정결과'_발표(벤처투자과)-중소벤처기업부,https://www.mss.go.kr/site/smba/ex/bbs/View.do?cbIdx=86&bcIdx=1043864&parentSeq=1043864
230821_복수의결권_제도를_담은_벤처기업법_시행령_일부개정안_입법예고(벤처정책과)-중소벤처기업부,https://www.mss.go.kr/site/smba/ex/bbs/View.do?cbIdx=86&bcIdx=1043845&parentSeq=1043845
230821_국제전자제품박람회(CES)_2024_'케이(K)-스타트업_통합관'_참여_우수기업_모집(기술창업과)-중소벤처기업부,https://www.mss.go.kr/site/smba/ex/bbs/View.do?cbIdx=86&bcIdx=1043842&parentSeq=1043842
230819_'납품대금_연동제_공기업_로드쇼'_개최(불공정거래개선과)-중소벤처기업부,https://www.mss.go.kr/site/smba/ex/bbs/View.do?cbIdx=86&bcIdx=1043832&parentSeq=1043832
230817_이영_장관_전국상인연합회_간담회_참석(전통시장과)-중소벤처기업부,https://www.mss.go.kr/site/smba/ex/bbs/View.do?cbIdx=86&bcIdx=1043803&parentSeq=1043803
230818_'지역_엔젤투자허브_성과_공유회'_개최(투자관리감독과)-중소벤처기업부,https://www.mss.go.kr/site/smba/ex/bbs/View.do?cbIdx=86&bcIdx=1043800&parentSeq=1043800
230816_노량진수산시장_온누리상품권_가맹점_등록(전통시장과)-중소벤처기업부,https://www.mss.go.kr/site/smba/ex/bbs/View.do?cbIdx=86&bcIdx=1043771&parentSeq=1043771
230807_9월_황금녘_동행축제_참여기업_300개사_선정(소비촉진기획총괄반)-중소벤처기업부,https://www.mss.go.kr/site/smba/ex/bbs/View.do?cbIdx=86&bcIdx=1043558&parentSeq=1043558
230804_오기웅_차관_'벤처캐피탈_업계_간담회'_참석(투자관리감독과)-중소벤처기업부,https://www.mss.go.kr/site/smba/ex/bbs/View.do?cbIdx=86&bcIdx=1043547&parentSeq=1043547
230804_납품대금_연동제_현장_안착_순항(불공정거래개선과)-중소벤처기업부,https://www.mss.go.kr/site/smba/ex/bbs/View.do?cbIdx=86&bcIdx=1043527&parentSeq=1043527
230802_제11차_규제자유특구위원회_결과(특구운영과)-중소벤처기업부,https://www.mss.go.kr/site/smba/ex/bbs/View.do?cbIdx=86&bcIdx=1043509&parentSeq=1043509
230803_'23년_상반기_중소기업_수출동향(글로벌성장정책과)-중소벤처기업부,https://www.mss.go.kr/site/smba/ex/bbs/View.do?cbIdx=86&bcIdx=1043502&parentSeq=1043502
230802_광주전남지역_전통시장-광주은행_장금이_결연(전통시장과)-중소벤처기업부,https://www.mss.go.kr/site/smba/ex/bbs/View.do?cbIdx=86&bcIdx=1043479&parentSeq=1043479
230801_'2023년_해외규격인증획득지원사업_패스트트랙_및_일반트랙_3차'_참여기업_모집(글로벌성장정책과)-중소벤처기업부,https://www.mss.go.kr/site/smba/ex/bbs/View.do?cbIdx=86&bcIdx=1043461&parentSeq=1043461
230728_수산물_도매시장_내_소매상까지_온누리상품권_사용_확대_추진(중소벤처기업부_전통시장과)-중소벤처기업부,https://www.mss.go.kr/site/smba/ex/bbs/View.do?cbIdx=86&bcIdx=1043415&parentSeq=1043415
230728_알고케어-롯데헬스케어_상생협력기금_출연식_진행(기술보호과)-중소벤처기업부,https://www.mss.go.kr/site/smba/ex/bbs/View.do?cbIdx=86&bcIdx=1043409&parentSeq=1043409
230728_'제1차_중소벤처_킬러규제_혁신_전담조직(TF)_첫_기획회의(킥오프_회의)'_개최(규제개혁법무담당관실)-중소벤처기업부,https://www.mss.go.kr/site/smba/ex/bbs/View.do?cbIdx=86&bcIdx=1043401&parentSeq=1043401
230727_'모태펀드'_2023년_2차_정시_최종_선정_결과_발표(벤처투자과)-중소벤처기업부,https://www.mss.go.kr/site/smba/ex/bbs/View.do?cbIdx=86&bcIdx=1043366&parentSeq=1043366
230725_교육_정보_기술(에듀테크)_창업기업(스타트업)_전시·체험행사_참여_희망기업_모집(창업정책과)-중소벤처기업부,https://www.mss.go.kr/site/smba/ex/bbs/View.do?cbIdx=86&bcIdx=1043319&parentSeq=1043319
230725_2023년_재도전_사례_공모전_다시쓰는_성공기_모집(창업정책과)-중소벤처기업부,https://www.mss.go.kr/site/smba/ex/bbs/View.do?cbIdx=86&bcIdx=1043318&parentSeq=1043318
230725_2023년_재도전_사례_공모전_다시쓰는_성공기_모집(창업정책과)-중소벤처기업부,https://www.mss.go.kr/site/smba/ex/bbs/View.do?cbIdx=86&bcIdx=1043316&parentSeq=1043316
230721_규제자유특구와_지역혁신_벤처기금(펀드)_간_연계_투자설명회_개최(특구지원과)-중소벤처기업부,https://www.mss.go.kr/site/smba/ex/bbs/View.do?cbIdx=86&bcIdx=1043288&parentSeq=1043288
230720_규제뽀개기_2탄_일상_속_골목규제_뽀개기_개최(규제개혁법무담당관실_옴부즈만지원단)-중소벤처기업부,https://www.mss.go.kr/site/smba/ex/bbs/View.do?cbIdx=86&bcIdx=1043287&parentSeq=1043287
230720_친환경_에너지_분야_초격차_창업기업(스타트업)_간담회(미래산업전략팀)-중소벤처기업부,https://www.mss.go.kr/site/smba/ex/bbs/View.do?cbIdx=86&bcIdx=1043286&parentSeq=1043286
230719_'규제샌드박스'_승인건수_1,000건_돌파_보도자료(특구운영과)-중소벤처기업부,https://www.mss.go.kr/site/smba/ex/bbs/View.do?cbIdx=86&bcIdx=1043230&parentSeq=1043230
230720_중소벤처기업부-아이비엠(IBM)_세계적(글로벌)_기업_협업_프로그램_참여기업_모집(기술창업과)-중소벤처기업부,https://www.mss.go.kr/site/smba/ex/bbs/View.do?cbIdx=86&bcIdx=1043215&parentSeq=1043215
230719_노란우산공제_발전방안_간담회_개최(소상공인재도약과)-중소벤처기업부,https://www.mss.go.kr/site/smba/ex/bbs/View.do?cbIdx=86&bcIdx=1043211&parentSeq=1043211
(보도참고자료)_230717_중소기업_전통시장_집중호우_피해_현황(비상재난담당관실)-중소벤처기업부,https://www.mss.go.kr/site/smba/ex/bbs/View.do?cbIdx=86&bcIdx=1043178&parentSeq=1043178
230714_중소기업_전통시장_집중호우_피해_예방_및_복구에_정책역량_총동원(비상재난담당관실)-중소벤처기업부,https://www.mss.go.kr/site/smba/ex/bbs/View.do?cbIdx=86&bcIdx=1043137&parentSeq=1043137
230714_부산_'지역혁신네트워크_간담회'_개최(지역혁신정책과)-중소벤처기업부,https://www.mss.go.kr/site/smba/ex/bbs/View.do?cbIdx=86&bcIdx=1043135&parentSeq=1043135
230713_2023년도_제2차_중소기업정책심의회_개최(정책분석평가과)-중소벤처기업부,https://www.mss.go.kr/site/smba/ex/bbs/View.do?cbIdx=86&bcIdx=1043090&parentSeq=1043090
230713_햇살론_특례운용_시행(기업금융과)-중소벤처기업부,https://www.mss.go.kr/site/smba/ex/bbs/View.do?cbIdx=86&bcIdx=1043086&parentSeq=1043086
230712_중소벤처기업부-카카오·카카오임팩트_업무협약(전통시장과)-중소벤처기업부,https://www.mss.go.kr/site/smba/ex/bbs/View.do?cbIdx=86&bcIdx=1043068&parentSeq=1043068
230712_'23년_제1차_금융지원위원회_개최(기업금융과)-중소벤처기업부,https://www.mss.go.kr/site/smba/ex/bbs/View.do?cbIdx=86&bcIdx=1043063&parentSeq=1043063
230713_'제1회_벤처·스타트업_아카데미_해커톤_대회'_개최(벤처정책과)-중소벤처기업부,https://www.mss.go.kr/site/smba/ex/bbs/View.do?cbIdx=86&bcIdx=1043061&parentSeq=1043061
230712_청년실습사원(인턴)_환영_행사_개최(청년정책과)-중소벤처기업부,https://www.mss.go.kr/site/smba/ex/bbs/View.do?cbIdx=86&bcIdx=1043047&parentSeq=1043047
230712_(주)LG생활건강-프링커코리아_상생_합의(기술보호과)-중소벤처기업부,https://www.mss.go.kr/site/smba/ex/bbs/View.do?cbIdx=86&bcIdx=1043029&parentSeq=1043029
230712_창업중심대학_성과_발표_및_후속_투자유치_아이알(IR)_행사_개최(청년정책과)-중소벤처기업부,https://www.mss.go.kr/site/smba/ex/bbs/View.do?cbIdx=86&bcIdx=1043028&parentSeq=1043028
230712_제1차_범부처_중소기업_기술보호_설명회_개최(기술보호과)-중소벤처기업부,https://www.mss.go.kr/site/smba/ex/bbs/View.do?cbIdx=86&bcIdx=1043027&parentSeq=1043027
230711_중소기업_육성_종합계획_수립(정책총괄과)-중소벤처기업부,https://www.mss.go.kr/site/smba/ex/bbs/View.do?cbIdx=86&bcIdx=1043026&parentSeq=1043026
230710_지방중소벤처기업청_핵심임무(미션)_상반기_추진실적_점검_공동_연수(워크숍)_개최(기획혁신담당관실)-중소벤처기업부,https://www.mss.go.kr/site/smba/ex/bbs/View.do?cbIdx=86&bcIdx=1042997&parentSeq=1042997
230710_중소기업_기술개발(R&D)_우수성과_기업_모집공모(기술개발과)-중소벤처기업부,https://www.mss.go.kr/site/smba/ex/bbs/View.do?cbIdx=86&bcIdx=1042985&parentSeq=1042985
230707_2023년_'더블유(W)-스타트업_어워즈'_시상식_개최(기업환경정책과)-중소벤처기업부,https://www.mss.go.kr/site/smba/ex/bbs/View.do?cbIdx=86&bcIdx=1042927&parentSeq=1042927
230706_이영_장관-아랍에미리트(UAE)_경제부_장관_양자회담_개최(국제통상협력과)-중소벤처기업부,https://www.mss.go.kr/site/smba/ex/bbs/View.do?cbIdx=86&bcIdx=1042901&parentSeq=1042901
230707_광주·전남지역_규제자유특구_현장_점검(특구지원과)-중소벤처기업부,https://www.mss.go.kr/site/smba/ex/bbs/View.do?cbIdx=86&bcIdx=1042889&parentSeq=1042889
230706_제주_발달장애인_특화사업장_개소(소상공인정책과)-중소벤처기업부,https://www.mss.go.kr/site/smba/ex/bbs/View.do?cbIdx=86&bcIdx=1042860&parentSeq=1042860
230704_제2회_여성기업주간_개막식_개최(기업환경정책과)-중소벤처기업부,https://www.mss.go.kr/site/smba/ex/bbs/View.do?cbIdx=86&bcIdx=1042843&parentSeq=1042843
230705_초격차_창업기업(스타트업)_무료_기술보호_법률_상담지원(기술보호과)-중소벤처기업부,https://www.mss.go.kr/site/smba/ex/bbs/View.do?cbIdx=86&bcIdx=1042818&parentSeq=1042818
230704_'스마트제조혁신법'_시행(제조혁신과)-중소벤처기업부,https://www.mss.go.kr/site/smba/ex/bbs/View.do?cbIdx=86&bcIdx=1042811&parentSeq=1042811
230704_'2023_공공구매_매칭데이'_개최(판로정책과)-중소벤처기업부,https://www.mss.go.kr/site/smba/ex/bbs/View.do?cbIdx=86&bcIdx=1042797&parentSeq=1042797
230704_중소벤처기업부_청년정책_종합평가_평가(청년정책과)-중소벤처기업부,https://www.mss.go.kr/site/smba/ex/bbs/View.do?cbIdx=86&bcIdx=1042796&parentSeq=1042796
230703_중소벤처기업부-우정사업본부_업무협약(글로벌성장정책과)-중소벤처기업부,https://www.mss.go.kr/site/smba/ex/bbs/View.do?cbIdx=86&bcIdx=1042789&parentSeq=1042789
230703_'2023년_팹리스_챌린지_대회'_개최(미래산업전략팀)-중소벤처기업부,https://www.mss.go.kr/site/smba/ex/bbs/View.do?cbIdx=86&bcIdx=1042787&parentSeq=1042787
230703_소프트웨어_분야_인력_채용_여론조사_결과(벤처정책과)-중소벤처기업부,https://www.mss.go.kr/site/smba/ex/bbs/View.do?cbIdx=86&bcIdx=1042786&parentSeq=1042786
230703_'수출바우처'_2차_참여기업_최종_선정(글로벌성장정책과)-중소벤처기업부,https://www.mss.go.kr/site/smba/ex/bbs/View.do?cbIdx=86&bcIdx=1042785&parentSeq=1042785
230703_부산·경남지역_전통시장과_금융기관_간_장금이_결연(전통시장과)-중소벤처기업부,https://www.mss.go.kr/site/smba/ex/bbs/View.do?cbIdx=86&bcIdx=1042784&parentSeq=1042784
230701_재창업자를_위한_지도자(멘토)단_발대식_개최(창업정책과)-중소벤처기업부,https://www.mss.go.kr/site/smba/ex/bbs/View.do?cbIdx=86&bcIdx=1042757&parentSeq=1042757
230630_강한소상공인_심사(오디션)_결과(소상공인성장촉진과)-중소벤처기업부,https://www.mss.go.kr/site/smba/ex/bbs/View.do?cbIdx=86&bcIdx=1042756&parentSeq=1042756
230630_인터넷기반자원공유(클라우드)형_'스마트공장'_종합해결책(솔루션)_과제_최종_선정(제조혁신과)-중소벤처기업부,https://www.mss.go.kr/site/smba/ex/bbs/View.do?cbIdx=86&bcIdx=1042755&parentSeq=1042755
230630_2023_프랑크푸르트_한류박람회_개최(글로벌성장정책과)-중소벤처기업부,https://www.mss.go.kr/site/smba/ex/bbs/View.do?cbIdx=86&bcIdx=1042754&parentSeq=1042754
230629_제1회_혁신창업학교(스쿨)_학술회의(컨퍼런스)_개최(청년정책과)-중소벤처기업부,https://www.mss.go.kr/site/smba/ex/bbs/View.do?cbIdx=86&bcIdx=1042700&parentSeq=1042700
230629_경제협력개발기구(OECD)에_중소기업_친환경(그린)·디지털_전환_정책_수출시장_다변화_정책_소개(국제통상협력과)-중소벤처기업부,https://www.mss.go.kr/site/smba/ex/bbs/View.do?cbIdx=86&bcIdx=1042699&parentSeq=1042699
230629_2023년_재취업특화교육_간담회_및_업무협약식_개최(소상공인재도약과)-중소벤처기업부,https://www.mss.go.kr/site/smba/ex/bbs/View.do?cbIdx=86&bcIdx=1042669&parentSeq=1042669
230628_조주현_차관_제4차_경제협력개발기구(OECD)_중소기업·기업가정신_장관회의_참석(국제통상협력과)-중소벤처기업부,https://www.mss.go.kr/site/smba/ex/bbs/View.do?cbIdx=86&bcIdx=1042668&parentSeq=1042668
230628_2023년_9월_대한민국_동행축제_참여기업_모집(소비촉진기획총괄반)-중소벤처기업부,https://www.mss.go.kr/site/smba/ex/bbs/View.do?cbIdx=86&bcIdx=1042645&parentSeq=1042645
230627_벤처기업_주식_매수_선택권(스톡옵션)_부여_범위_확대_관련_벤처기업법_시행령_개정안_국무회의_의결(벤처정책과)-중소벤처기업부,https://www.mss.go.kr/site/smba/ex/bbs/View.do?cbIdx=86&bcIdx=1042644&parentSeq=1042644
230627_‘23년_'예비유니콘_특별보증'_사업_지원_대상_선정기업_발표(벤처정책과)-중소벤처기업부,https://www.mss.go.kr/site/smba/ex/bbs/View.do?cbIdx=86&bcIdx=1042590&parentSeq=1042590
230626_강한소상공인_투자유치(피칭)_심사(오디션)_개최(소상공인정책과)-중소벤처기업부,https://www.mss.go.kr/site/smba/ex/bbs/View.do?cbIdx=86&bcIdx=1042576&parentSeq=1042576
230623_이영_장관-베트남_기획투자부_장관_양자면담(국제통상협력과)-중소벤처기업부,https://www.mss.go.kr/site/smba/ex/bbs/View.do?cbIdx=86&bcIdx=1042572&parentSeq=1042572
230623_베트남_진출_창업기업(스타트업)_간담회_개최_및_민간_주도형_케이스타트업센터(KSC)_하노이_개소_준비_상황_점검(국제통상협력과_기술창업과)-중소벤처기업부,https://www.mss.go.kr/site/smba/ex/bbs/View.do?cbIdx=86&bcIdx=1042565&parentSeq=1042565
230623_중소벤처기업부-베트남_과학기술부_협력의향서(LOI)_체결(청년정책과)-중소벤처기업부,https://www.mss.go.kr/site/smba/ex/bbs/View.do?cbIdx=86&bcIdx=1042556&parentSeq=1042556
230622_영테크_스타트업_그랜드_챌린지_개최(기술창업과)-중소벤처기업부,https://www.mss.go.kr/site/smba/ex/bbs/View.do?cbIdx=86&bcIdx=1042555&parentSeq=1042555
230623_납품대금_연동제_관련_상생협력법_시행령_개정안_입법예고(불공정거래개선과)-중소벤처기업부,https://www.mss.go.kr/site/smba/ex/bbs/View.do?cbIdx=86&bcIdx=1042554&parentSeq=1042554
230622_조주현_차관_포항_오천시장_방문(전통시장과)-중소벤처기업부,https://www.mss.go.kr/site/smba/ex/bbs/View.do?cbIdx=86&bcIdx=1042541&parentSeq=1042541
230622_조주현_차관_포항_오천시장_방문(전통시장과)-중소벤처기업부,https://www.mss.go.kr/site/smba/ex/bbs/View.do?cbIdx=86&bcIdx=1042532&parentSeq=1042532
230622_지역_엔젤투자허브_경남에_조성(투자관리감독과)-중소벤처기업부,https://www.mss.go.kr/site/smba/ex/bbs/View.do?cbIdx=86&bcIdx=1042507&parentSeq=1042507
230621_이영_장관_한-프_미래_혁신_세대와의_대화_참석(사이버경제추진단)-중소벤처기업부,https://www.mss.go.kr/site/smba/ex/bbs/View.do?cbIdx=86&bcIdx=1042504&parentSeq=1042504
230621_기업가형_온라인판매자(셀러)_양성(소상공인성장촉진과)-중소벤처기업부,https://www.mss.go.kr/site/smba/ex/bbs/View.do?cbIdx=86&bcIdx=1042477&parentSeq=1042477
230620_소상공인법_시행령_개정안_국무회의_의결(소상공인정책과)-중소벤처기업부,https://www.mss.go.kr/site/smba/ex/bbs/View.do?cbIdx=86&bcIdx=1042473&parentSeq=1042473
230619_이영_장관_코스메틱_밸리_방문(특구정책과)-중소벤처기업부,https://www.mss.go.kr/site/smba/ex/bbs/View.do?cbIdx=86&bcIdx=1042472&parentSeq=1042472
230620_지역엔젤투자_재간접기금(펀드)_조성(투자관리감독과)-중소벤처기업부,https://www.mss.go.kr/site/smba/ex/bbs/View.do?cbIdx=86&bcIdx=1042435&parentSeq=1042435
230616_이영_장관_유네스코_여성과학자_토론회(포럼)_참석(국제통상협력과_특구정책과)-중소벤처기업부,https://www.mss.go.kr/site/smba/ex/bbs/View.do?cbIdx=86&bcIdx=1042401&parentSeq=1042401
230616_중소벤처기업부-로레알_집단(그룹)_업무협약_체결(특구정책과)-중소벤처기업부,https://www.mss.go.kr/site/smba/ex/bbs/View.do?cbIdx=86&bcIdx=1042390&parentSeq=1042390
230616_비바텍(VIVATECH)_2023_계기로_한-불_개방형혁신전략(오픈이노베이션)_협력_기회_확대(기술창업과)-중소벤처기업부,https://www.mss.go.kr/site/smba/ex/bbs/View.do?cbIdx=86&bcIdx=1042389&parentSeq=1042389
230615_케이(K)-창업기업(스타트업)_프랑스_창업생태계와_연결(기술창업과)-중소벤처기업부,https://www.mss.go.kr/site/smba/ex/bbs/View.do?cbIdx=86&bcIdx=1042381&parentSeq=1042381
230614_이영_장관_비바테크놀로지(VIVATECHNOLOGY)_2023_개막(오프닝)_행사_기조연설(기술창업과)-중소벤처기업부,https://www.mss.go.kr/site/smba/ex/bbs/View.do?cbIdx=86&bcIdx=1042361&parentSeq=1042361
230613_리야드_글로벌비즈니스센터(GBC)_현판식_개최(글로벌성장정책과)-중소벤처기업부,https://www.mss.go.kr/site/smba/ex/bbs/View.do?cbIdx=86&bcIdx=1042346&parentSeq=1042346
230614_확장(스케일업)_팁스_4기_운영사_선정(기술혁신정책과)-중소벤처기업부,https://www.mss.go.kr/site/smba/ex/bbs/View.do?cbIdx=86&bcIdx=1042345&parentSeq=1042345
230613_벤처투자_촉진에_관한_법률_개정안_국무회의_의결(벤처투자과)-중소벤처기업부,https://www.mss.go.kr/site/smba/ex/bbs/View.do?cbIdx=86&bcIdx=1042340&parentSeq=1042340
230612_케이-비즈니스_데이_인_미들_이스트_2023(K-Business_Day_in_Middle_East_2023)_개최(글로벌성장정책과)-중소벤처기업부,https://www.mss.go.kr/site/smba/ex/bbs/View.do?cbIdx=86&bcIdx=1042339&parentSeq=1042339
230611_한-사우디_공동기금(펀드)_조성(벤처투자과)-중소벤처기업부,https://www.mss.go.kr/site/smba/ex/bbs/View.do?cbIdx=86&bcIdx=1042338&parentSeq=1042338
230609_케이-스타트업_밋(K-Startups_meet)_OpenAI_개최(미래산업전략팀)-중소벤처기업부,https://www.mss.go.kr/site/smba/ex/bbs/View.do?cbIdx=86&bcIdx=1042280&parentSeq=1042280
230608_중소기업_기술보호_지원_강화방안_발표_및_간담회_개최(기술보호과)-중소벤처기업부,https://www.mss.go.kr/site/smba/ex/bbs/View.do?cbIdx=86&bcIdx=1042222&parentSeq=1042222
230608_제1회_지역혁신_선도기업_밸류-업(Value-up)_아카데미_개최(지역혁신정책과)-중소벤처기업부,https://www.mss.go.kr/site/smba/ex/bbs/View.do?cbIdx=86&bcIdx=1042202&parentSeq=1042202
230607_소상공인_업계_정책나눔회_개최(소상공인정책과)-중소벤처기업부,https://www.mss.go.kr/site/smba/ex/bbs/View.do?cbIdx=86&bcIdx=1042201&parentSeq=1042201
230531_제4기_아기거대신생기업(유니콘)_51개사_선정(벤처정책과)-중소벤처기업부,https://www.mss.go.kr/site/smba/ex/bbs/View.do?cbIdx=86&bcIdx=1042056&parentSeq=1042056
230530_상생협력법_시행령_개정안_국무회의_통과(불공정거래개선과)-중소벤처기업부,https://www.mss.go.kr/site/smba/ex/bbs/View.do?cbIdx=86&bcIdx=1042055&parentSeq=1042055
230530_인재육성형_중소기업_모집(인력정책과)-중소벤처기업부,https://www.mss.go.kr/site/smba/ex/bbs/View.do?cbIdx=86&bcIdx=1042014&parentSeq=1042014
230530_2023_대한민국_제작자(메이커)_스타_참가자_모집(창업생태계과)-중소벤처기업부,https://www.mss.go.kr/site/smba/ex/bbs/View.do?cbIdx=86&bcIdx=1042013&parentSeq=1042013
230530_소상공인_대상_민간투자연계형_연계(매칭)융자_시행(소상공인성장촉진과)-중소벤처기업부,https://www.mss.go.kr/site/smba/ex/bbs/View.do?cbIdx=86&bcIdx=1042012&parentSeq=1042012
230525_함성!_희망(HOPE)_플랫폼_운영(창업정책과)-중소벤처기업부,https://www.mss.go.kr/site/smba/ex/bbs/View.do?cbIdx=86&bcIdx=1042011&parentSeq=1042011
230526_그린스타트업_타운_조성지_선정(입지환경개선과)-중소벤처기업부,https://www.mss.go.kr/site/smba/ex/bbs/View.do?cbIdx=86&bcIdx=1041987&parentSeq=1041987
230526_대중소기업_동반성장_유공_포상_신청_접수(상생협력정책과)-중소벤처기업부,https://www.mss.go.kr/site/smba/ex/bbs/View.do?cbIdx=86&bcIdx=1041986&parentSeq=1041986
230526_제7차_한-아세안_창업기업(스타트업)_정책대화_개최(국제통상협력과)-중소벤처기업부,https://www.mss.go.kr/site/smba/ex/bbs/View.do?cbIdx=86&bcIdx=1041961&parentSeq=1041961
230524_무명의_수출용사_포상행사_개최(글로벌성장정책과)-중소벤처기업부,https://www.mss.go.kr/site/smba/ex/bbs/View.do?cbIdx=86&bcIdx=1041934&parentSeq=1041934
230523_2023년_대한민국_중소기업인_대회_개최(기업환경정책과)-중소벤처기업부,https://www.mss.go.kr/site/smba/ex/bbs/View.do?cbIdx=86&bcIdx=1041891&parentSeq=1041891
(보도참고자료)_230523_올해_중소기업_기술혁신(KOSBIR)에_4,https://www.mss.go.kr/site/smba/ex/bbs/View.do?cbIdx=86&bcIdx=1041889&parentSeq=1041889
230523_로봇분야_초격차_창업기업(스타트업)_간담회_개최(미래산업전략팀)-중소벤처기업부,https://www.mss.go.kr/site/smba/ex/bbs/View.do?cbIdx=86&bcIdx=1041888&parentSeq=1041888
230524_청소년경영체험학교(비즈쿨)_해결책(솔루션)_경진대회_과제선포식_개최(청년정책과)-중소벤처기업부,https://www.mss.go.kr/site/smba/ex/bbs/View.do?cbIdx=86&bcIdx=1041887&parentSeq=1041887
230522_기술보호지원반_확대_편성(기술보호과)-중소벤처기업부,https://www.mss.go.kr/site/smba/ex/bbs/View.do?cbIdx=86&bcIdx=1041841&parentSeq=1041841
230522_2023_동행축제_중소소상공인_제품_특판전_5월_28일까지_진행(소비촉진기획총괄반)-중소벤처기업부,https://www.mss.go.kr/site/smba/ex/bbs/View.do?cbIdx=86&bcIdx=1041840&parentSeq=1041840
230519_이영_장관-나프탈리_베네트_전(前)_이스라엘_총리_간담회(창업정책과)-중소벤처기업부,https://www.mss.go.kr/site/smba/ex/bbs/View.do?cbIdx=86&bcIdx=1041815&parentSeq=1041815
230518_중소벤처기업부_(주)한진과_손잡고_전통시장_디지털_전환_지원(전통시장과)-중소벤처기업부,https://www.mss.go.kr/site/smba/ex/bbs/View.do?cbIdx=86&bcIdx=1041770&parentSeq=1041770
230519_비바_테크놀로지(VIVA_TECHNOLOGY)_2023_케이-스타트업(K-Startup)_통합관_발대식_개최(기술창업과)-중소벤처기업부,https://www.mss.go.kr/site/smba/ex/bbs/View.do?cbIdx=86&bcIdx=1041769&parentSeq=1041769
230519_규제자유특구_참여기업과_함께하는_벤처투자_투자설명회(로드쇼)_개최(특구지원과)-중소벤처기업부,https://www.mss.go.kr/site/smba/ex/bbs/View.do?cbIdx=86&bcIdx=1041759&parentSeq=1041759
230518_동행축제_15일간_판매_실적(소비촉진기획총괄반)-중소벤처기업부,https://www.mss.go.kr/site/smba/ex/bbs/View.do?cbIdx=86&bcIdx=1041735&parentSeq=1041735
230517_케이콘(KCON)_제팬(JAPAN)_2023_연계_수출상담회_및_판촉전_종료(글로벌성장정책과)-중소벤처기업부,https://www.mss.go.kr/site/smba/ex/bbs/View.do?cbIdx=86&bcIdx=1041691&parentSeq=1041691
(보도참고자료)_230515_중소벤처소상공인과의_동행_1년_기자간담회(정책총괄과)-중소벤처기업부,https://www.mss.go.kr/site/smba/ex/bbs/View.do?cbIdx=86&bcIdx=1041641&parentSeq=1041641
230516_청년_관련_10대_과제_발표_및_2030_자문단-중기단_첫_회의_개최(청년정책과)-중소벤처기업부,https://www.mss.go.kr/site/smba/ex/bbs/View.do?cbIdx=86&bcIdx=1041638&parentSeq=1041638
(보도자료)_230515__중소_벤처_소상공인_50+_정책토론회_개최(정책총괄과)-중소벤처기업부,https://www.mss.go.kr/site/smba/ex/bbs/View.do?cbIdx=86&bcIdx=1041636&parentSeq=1041636
230514_헤이_이태원_소망볼_행사_개최(소비촉진기획총괄반)-중소벤처기업부,https://www.mss.go.kr/site/smba/ex/bbs/View.do?cbIdx=86&bcIdx=1041628&parentSeq=1041628
230515_2023_동행축제_지역행사와_연계_추진(소비촉진기획총괄반)-중소벤처기업부,https://www.mss.go.kr/site/smba/ex/bbs/View.do?cbIdx=86&bcIdx=1041627&parentSeq=1041627
230512_이영_장관-일본_스타트업담당상_면담(국제통상협력과)-중소벤처기업부,https://www.mss.go.kr/site/smba/ex/bbs/View.do?cbIdx=86&bcIdx=1041626&parentSeq=1041626
(보도참고자료)_230512_사회관계망서비스(SNS)_홍보_영상_조회_수_200만회_기록_및_자동차_경품_지급_행사(이벤트)_추가_진행(디지털소통팀)-중소벤처기업부,https://www.mss.go.kr/site/smba/ex/bbs/View.do?cbIdx=86&bcIdx=1041625&parentSeq=1041625
230512_서울_광장시장_상인회-야메요코_상점가_연합회_자매결연(전통시장과)-중소벤처기업부,https://www.mss.go.kr/site/smba/ex/bbs/View.do?cbIdx=86&bcIdx=1041616&parentSeq=1041616
230511_일본_진출_창업기업(스타트업)_간담회_개최(글로벌성장정책과)-중소벤처기업부,https://www.mss.go.kr/site/smba/ex/bbs/View.do?cbIdx=86&bcIdx=1041587&parentSeq=1041587
230511_제54차_지역특화발전특구위원회_개최(특구운영과)-중소벤처기업부,https://www.mss.go.kr/site/smba/ex/bbs/View.do?cbIdx=86&bcIdx=1041585&parentSeq=1041585
230511_중소벤처기업부-CJ_ENM_공동_케이-콜랙션(K-COLLECTION)_개최(글로벌성장정책과)-중소벤처기업부,https://www.mss.go.kr/site/smba/ex/bbs/View.do?cbIdx=86&bcIdx=1041584&parentSeq=1041584
230512_청년창업사관학교_비전_선포식_개최(청년정책과)-중소벤처기업부,https://www.mss.go.kr/site/smba/ex/bbs/View.do?cbIdx=86&bcIdx=1041583&parentSeq=1041583
230512_이태원_상인을_응원하는_소망볼_설치(소비촉진기획총괄반)-중소벤처기업부,https://www.mss.go.kr/site/smba/ex/bbs/View.do?cbIdx=86&bcIdx=1041582&parentSeq=1041582
230510_초격차_사업(프로젝트)_출정식_개최(미래산업전략팀)-중소벤처기업부,https://www.mss.go.kr/site/smba/ex/bbs/View.do?cbIdx=86&bcIdx=1041534&parentSeq=1041534
230509_2023_동행축제_개막(소비촉진기획총괄반)-중소벤처기업부,https://www.mss.go.kr/site/smba/ex/bbs/View.do?cbIdx=86&bcIdx=1041511&parentSeq=1041511
230509_미래_여성경제인_육성사업_비전_선포식_개최(기업환경정책과)-중소벤처기업부,https://www.mss.go.kr/site/smba/ex/bbs/View.do?cbIdx=86&bcIdx=1041508&parentSeq=1041508
230509_복수의결권주식_발행_허용을_위한_벤처기업법_개정안_국무회의_의결(벤처정책과)-중소벤처기업부,https://www.mss.go.kr/site/smba/ex/bbs/View.do?cbIdx=86&bcIdx=1041502&parentSeq=1041502
230509_사업전환법_개정안_국무회의_의결(기업구조개선과)-중소벤처기업부,https://www.mss.go.kr/site/smba/ex/bbs/View.do?cbIdx=86&bcIdx=1041501&parentSeq=1041501
230509_2023년도_소상공인_협업활성화_공동사업_지원_대상조합_선정(지역상권과)-중소벤처기업부,https://www.mss.go.kr/site/smba/ex/bbs/View.do?cbIdx=86&bcIdx=1041471&parentSeq=1041471
230508_2023_동행축제_개막행사_계획_발표(소비촉진기획총괄반)-중소벤처기업부,https://www.mss.go.kr/site/smba/ex/bbs/View.do?cbIdx=86&bcIdx=1041470&parentSeq=1041470
230505_2023_동행축제_전통시장_및_상점가_참여(전통시장과)-중소벤처기업부,https://www.mss.go.kr/site/smba/ex/bbs/View.do?cbIdx=86&bcIdx=1041410&parentSeq=1041410
230503_미국순방_관련_중소벤처분야_성과_종합_및_후속_조치(국제통상협력과)-중소벤처기업부,https://www.mss.go.kr/site/smba/ex/bbs/View.do?cbIdx=86&bcIdx=1041384&parentSeq=1041384
230503_지역혁신_연계망(네트워크)_간담회_개최(입지환경개선과)-중소벤처기업부,https://www.mss.go.kr/site/smba/ex/bbs/View.do?cbIdx=86&bcIdx=1041383&parentSeq=1041383
230503_울산지역_조선사_협력기업_간담회_개최(입지환경개선과)-중소벤처기업부,https://www.mss.go.kr/site/smba/ex/bbs/View.do?cbIdx=86&bcIdx=1041365&parentSeq=1041365
230503_지방소멸대응을_위한_지역혁신_공모사업_13개_과제_선정(기업구조개선과)-중소벤처기업부,https://www.mss.go.kr/site/smba/ex/bbs/View.do?cbIdx=86&bcIdx=1041330&parentSeq=1041330
230502_사업전환법_시행령_일부개정안_국무회의_의결(기업구조개선과)-중소벤처기업부,https://www.mss.go.kr/site/smba/ex/bbs/View.do?cbIdx=86&bcIdx=1041329&parentSeq=1041329
230502_2023년_중소기업_인력양성대학_17개_신규_선정(인력정책과)-중소벤처기업부,https://www.mss.go.kr/site/smba/ex/bbs/View.do?cbIdx=86&bcIdx=1041323&parentSeq=1041323
230502_'23년_동네상권발전소_선정(지역상권과)-중소벤처기업부,https://www.mss.go.kr/site/smba/ex/bbs/View.do?cbIdx=86&bcIdx=1041316&parentSeq=1041316
230502_2023년_해외규격인증획득지원사업_2차_참여기업_모집(글로벌성장정책과)-중소벤처기업부,https://www.mss.go.kr/site/smba/ex/bbs/View.do?cbIdx=86&bcIdx=1041315&parentSeq=1041315
230501_업종을_반영한_벤처기업확인제도_시행(벤처정책과)-중소벤처기업부,https://www.mss.go.kr/site/smba/ex/bbs/View.do?cbIdx=86&bcIdx=1041279&parentSeq=1041279
(보도참고자료)_230430_이영_장관_다쏘시스템_보스턴_캠퍼스_방문(기술창업과)-중소벤처기업부,https://www.mss.go.kr/site/smba/ex/bbs/View.do?cbIdx=86&bcIdx=1041278&parentSeq=1041278
(보도참고자료)_230429_이영_장관_한-미_협력지구(클러스터)_원탁회의(라운드_테이블)_참석(국제통상협력과)-중소벤처기업부,https://www.mss.go.kr/site/smba/ex/bbs/View.do?cbIdx=86&bcIdx=1041277&parentSeq=1041277
230501_강릉시_산불피해_소상공인_특별지원방안_마련(기업금융과)-중소벤처기업부,https://www.mss.go.kr/site/smba/ex/bbs/View.do?cbIdx=86&bcIdx=1041276&parentSeq=1041276
230501_동행축제_구매인증_행사(이벤트)_진행(디지털소통팀)-중소벤처기업부,https://www.mss.go.kr/site/smba/ex/bbs/View.do?cbIdx=86&bcIdx=1041275&parentSeq=1041275
230501_동행축제_특별_할인_판매전_시작(소비촉진기획총괄반)-중소벤처기업부,https://www.mss.go.kr/site/smba/ex/bbs/View.do?cbIdx=86&bcIdx=1041274&parentSeq=1041274
(보도참고자료)_230427_비상장_벤처기업_창업주에_대한_복수의결권주식_허용_입법_국회_통과(벤처정책과)-중소벤처기업부,https://www.mss.go.kr/site/smba/ex/bbs/View.do?cbIdx=86&bcIdx=1041217&parentSeq=1041217
230427_중소벤처기업부-유엘(UL)_업무협약_체결(특구정책과)-중소벤처기업부,https://www.mss.go.kr/site/smba/ex/bbs/View.do?cbIdx=86&bcIdx=1041204&parentSeq=1041204
230427_미래여성경제인육성사업_대상학교_선정(기업환경정책과)-중소벤처기업부,https://www.mss.go.kr/site/smba/ex/bbs/View.do?cbIdx=86&bcIdx=1041173&parentSeq=1041173
230426_세계적(글로벌)_중소기업인의_밤_행사(국제통상협력과)-중소벤처기업부,https://www.mss.go.kr/site/smba/ex/bbs/View.do?cbIdx=86&bcIdx=1041165&parentSeq=1041165
230426_지역_엔젤투자_활성화_위한_거점_공모(투자관리감독과)-중소벤처기업부,https://www.mss.go.kr/site/smba/ex/bbs/View.do?cbIdx=86&bcIdx=1041139&parentSeq=1041139
230425_뉴욕_세계(글로벌)사업(비즈니스)센터_이전_개소(글로벌성장정책과)-중소벤처기업부,https://www.mss.go.kr/site/smba/ex/bbs/View.do?cbIdx=86&bcIdx=1041135&parentSeq=1041135
230425_지방중소벤처기업청-한국은행_지역본부_업무협약(기엄구조개선과)-중소벤처기업부,https://www.mss.go.kr/site/smba/ex/bbs/View.do?cbIdx=86&bcIdx=1041116&parentSeq=1041116
230424_2023년_사회적경제기업_성장집중_지원사업_선정_결과(지역상권과)-중소벤처기업부,https://www.mss.go.kr/site/smba/ex/bbs/View.do?cbIdx=86&bcIdx=1041109&parentSeq=1041109
230424_모태기금(펀드)_'23년_1차_정시_출자_선정(벤처투자과)-중소벤처기업부,https://www.mss.go.kr/site/smba/ex/bbs/View.do?cbIdx=86&bcIdx=1041108&parentSeq=1041108
230421_2023_동행축제_추진계획(소비촉진기획총괄반)-중소벤처기업부,https://www.mss.go.kr/site/smba/ex/bbs/View.do?cbIdx=86&bcIdx=1041107&parentSeq=1041107
230420_혁신_벤처창업기업(스타트업)_자금지원_및_경쟁력_강화방안(벤처정책과)-중소벤처기업부,https://www.mss.go.kr/site/smba/ex/bbs/View.do?cbIdx=86&bcIdx=1041058&parentSeq=1041058
230421_디지털_역량강화_위한_두_번째_부내_교육_실시(디지털혁신과)-중소벤처기업부,https://www.mss.go.kr/site/smba/ex/bbs/View.do?cbIdx=86&bcIdx=1041056&parentSeq=1041056
230420_'22년도_공공기관_동반성장_평가결과_발표(상생협력정책과)-중소벤처기업부,https://www.mss.go.kr/site/smba/ex/bbs/View.do?cbIdx=86&bcIdx=1041040&parentSeq=1041040
230420_케이(K)-기저기술(딥테크)_창업기업(스타트업)_만남(밋업)_개최(미래산업전략팀)-중소벤처기업부,https://www.mss.go.kr/site/smba/ex/bbs/View.do?cbIdx=86&bcIdx=1041019&parentSeq=1041019
230420_비바_테크놀로지(VIVA_TECHNOLOGY)_2023_참여할_국내_우수_창업기업(스타트업)_모집(기술창업과)-중소벤처기업부,https://www.mss.go.kr/site/smba/ex/bbs/View.do?cbIdx=86&bcIdx=1041018&parentSeq=1041018
230419_기술침해_행정조사_신고_온라인_접수_시작(기술보호과)-중소벤처기업부,https://www.mss.go.kr/site/smba/ex/bbs/View.do?cbIdx=86&bcIdx=1041003&parentSeq=1041003
230418_벤처투자사(벤처캐피탈)_토론회(포럼)_개최(투자관리감독과)-중소벤처기업부,https://www.mss.go.kr/site/smba/ex/bbs/View.do?cbIdx=86&bcIdx=1040986&parentSeq=1040986
230419_민간주도형_예비창업지원_프로그램_참여_운영사_신규_모집(기술창업과)-중소벤처기업부,https://www.mss.go.kr/site/smba/ex/bbs/View.do?cbIdx=86&bcIdx=1040980&parentSeq=1040980
230419_'23년_캠퍼스_첨단산업단지(혁신파크)_조성사업_선정_결과(창업생태계과)-중소벤처기업부,https://www.mss.go.kr/site/smba/ex/bbs/View.do?cbIdx=86&bcIdx=1040979&parentSeq=1040979
230418_2023년_중소기업제품_공공구매계획_국무회의_의결(판로정책과)-중소벤처기업부,https://www.mss.go.kr/site/smba/ex/bbs/View.do?cbIdx=86&bcIdx=1040978&parentSeq=1040978
230418_’23년_1분기_벤처투자_및_기금(펀드)결성_동향(투자관리감독과)-중소벤처기업부,https://www.mss.go.kr/site/smba/ex/bbs/View.do?cbIdx=86&bcIdx=1040936&parentSeq=1040936
230417_지능형(스마트)_전문가(마이스터)의_대기업_제조혁신_비법(노하우)_중소기업에_전수(제조혁신과)-중소벤처기업부,https://www.mss.go.kr/site/smba/ex/bbs/View.do?cbIdx=86&bcIdx=1040921&parentSeq=1040921
230417_재창업_채무조정_소상공인_대상_저금리_대출상품_출시(기업금융과)-중소벤처기업부,https://www.mss.go.kr/site/smba/ex/bbs/View.do?cbIdx=86&bcIdx=1040920&parentSeq=1040920
230414_온라인수출_유망_중소기업_100개사_선정(글로벌성장정책과)-중소벤처기업부,https://www.mss.go.kr/site/smba/ex/bbs/View.do?cbIdx=86&bcIdx=1040881&parentSeq=1040881
230413_2023_대한민국_동행축제_참여업체_선정결과(소비촉진기획총괄반)-중소벤처기업부,https://www.mss.go.kr/site/smba/ex/bbs/View.do?cbIdx=86&bcIdx=1040861&parentSeq=1040861
230411_제10차_규제자유특구위원회_개최(특구운영과)-중소벤처기업부,https://www.mss.go.kr/site/smba/ex/bbs/View.do?cbIdx=86&bcIdx=1040845&parentSeq=1040845
230412_중소기업기술_침해기업에_첫_시정권고(기술보호과)-중소벤처기업부,https://www.mss.go.kr/site/smba/ex/bbs/View.do?cbIdx=86&bcIdx=1040844&parentSeq=1040844
230405_무명의_수출용사_포상_접수(글로벌성장정책과)-중소벤처기업부,https://www.mss.go.kr/site/smba/ex/bbs/View.do?cbIdx=86&bcIdx=1040666&parentSeq=1040666
230330_중소기업_지원체계_개편(정책총괄과)-중소벤처기업부,https://www.mss.go.kr/site/smba/ex/bbs/View.do?cbIdx=86&bcIdx=1040562&parentSeq=1040562
230330_제1차_중소기업정책심의회_겸_수출활성화_전담조직(TF)_출범식_개최(정책분석평가과)-중소벤처기업부,https://www.mss.go.kr/site/smba/ex/bbs/View.do?cbIdx=86&bcIdx=1040556&parentSeq=1040556
230330_혁신창업학교(스쿨)_예비창업자_모집(청년정책과)-중소벤처기업부,https://www.mss.go.kr/site/smba/ex/bbs/View.do?cbIdx=86&bcIdx=1040538&parentSeq=1040538
230329_창업성장기술개발사업_하반기_공고(기술개발과)-중소벤처기업부,https://www.mss.go.kr/site/smba/ex/bbs/View.do?cbIdx=86&bcIdx=1040537&parentSeq=1040537
230329_대중소기업_상생협력_촉진에_관한_법률_개정안_공포(불공정거래개선과)-중소벤처기업부,https://www.mss.go.kr/site/smba/ex/bbs/View.do?cbIdx=86&bcIdx=1040505&parentSeq=1040505
230329_도전!_케이(K)-창업기업(스타트업)_2023_혁신창업_일반대전(리그)_참가자_모집(기술창업과)-중소벤처기업부,https://www.mss.go.kr/site/smba/ex/bbs/View.do?cbIdx=86&bcIdx=1040504&parentSeq=1040504
230328_소상공인역량강화_상담(컨설팅)_소상공인_모집(소상공인성장촉진과)-중소벤처기업부,https://www.mss.go.kr/site/smba/ex/bbs/View.do?cbIdx=86&bcIdx=1040472&parentSeq=1040472
230327_2023년_중소기업_지능형(스마트)서비스_지원사업_참여기업_모집(디지털혁신과)-중소벤처기업부,https://www.mss.go.kr/site/smba/ex/bbs/View.do?cbIdx=86&bcIdx=1040426&parentSeq=1040426
230327_2023년_중소기업_기술침해_손해액_산정_지원사업_공고(기술보호과)-중소벤처기업부,https://www.mss.go.kr/site/smba/ex/bbs/View.do?cbIdx=86&bcIdx=1040425&parentSeq=1040425
230327_신사업창업사관학교_교육생_모집(소상공인성장촉진과)-중소벤처기업부,https://www.mss.go.kr/site/smba/ex/bbs/View.do?cbIdx=86&bcIdx=1040424&parentSeq=1040424
230323_'22년_벤처창업기업(스타트업)_고용동향(투자관리감독과)-중소벤처기업부,https://www.mss.go.kr/site/smba/ex/bbs/View.do?cbIdx=86&bcIdx=1040388&parentSeq=1040388
230323_'23년_콘텐츠_기반_청년창업학교(스쿨)_주관기관_모집(소상공인성장촉진과)-중소벤처기업부,https://www.mss.go.kr/site/smba/ex/bbs/View.do?cbIdx=86&bcIdx=1040360&parentSeq=1040360
230322_케이(K)-생명공학(바이오)_연구중심지(랩허브)_업무협약_체결(창업생태계과)-중소벤처기업부,https://www.mss.go.kr/site/smba/ex/bbs/View.do?cbIdx=86&bcIdx=1040359&parentSeq=1040359
230322_한국_비바_테크놀로지(Viva_Technology)_2023_올해의_국가로_참여(기술창업과)-중소벤처기업부,https://www.mss.go.kr/site/smba/ex/bbs/View.do?cbIdx=86&bcIdx=1040358&parentSeq=1040358
230321_국가_탄소중립_녹색성장_기본계획_공청회(기술혁신정책과)-중소벤처기업부,https://www.mss.go.kr/site/smba/ex/bbs/View.do?cbIdx=86&bcIdx=1040325&parentSeq=1040325
230322_민관협력_개방형혁신전략(오픈이노베이션)_참여_창업기업(스타트업)_모집(기술창업과)-중소벤처기업부,https://www.mss.go.kr/site/smba/ex/bbs/View.do?cbIdx=86&bcIdx=1040324&parentSeq=1040324
(보도참고자료)_230321_중소벤처기업부·공정거래위원회_납품대금_연동제_현장안착_공동_추진(불공정거래개선과)-중소벤처기업부,https://www.mss.go.kr/site/smba/ex/bbs/View.do?cbIdx=86&bcIdx=1040323&parentSeq=1040323
(보도참고자료)_230321_중소기업진흥법_일부개정법률_공포안_국무회의_통과(기업금융과)-중소벤처기업부,https://www.mss.go.kr/site/smba/ex/bbs/View.do?cbIdx=86&bcIdx=1040322&parentSeq=1040322
230321_소상공인_지원_기본계획_발표(소상공인정책과)-중소벤처기업부,https://www.mss.go.kr/site/smba/ex/bbs/View.do?cbIdx=86&bcIdx=1040321&parentSeq=1040321
230321_중소벤처기업부_및_산하기관_임직원_대상_디지털역량강화교육_실시(디지털혁신과)v2-중소벤처기업부,https://www.mss.go.kr/site/smba/ex/bbs/View.do?cbIdx=86&bcIdx=1040282&parentSeq=1040282
230317_확장(스케일업)_팁스_전용공간_개소(기술혁신정책과)-중소벤처기업부,https://www.mss.go.kr/site/smba/ex/bbs/View.do?cbIdx=86&bcIdx=1040244&parentSeq=1040244
230317_‘23년_소상공인_혁신중심지(허브)_신규설치_후보지역_모집(소상공인성장촉진과)-중소벤처기업부,https://www.mss.go.kr/site/smba/ex/bbs/View.do?cbIdx=86&bcIdx=1040223&parentSeq=1040223
230316_제14차_규제자유특구_심의위원회_개최(특구운영과)-중소벤처기업부,https://www.mss.go.kr/site/smba/ex/bbs/View.do?cbIdx=86&bcIdx=1040211&parentSeq=1040211
230317_중소기업_이차보전_사업_개시(기업금융과)-중소벤처기업부,https://www.mss.go.kr/site/smba/ex/bbs/View.do?cbIdx=86&bcIdx=1040208&parentSeq=1040208
230317_2023_대한민국_동행축제_참여업체_모집_현황_및_동행축제_민관협업추진단_발족(소비촉진기획총괄반)-중소벤처기업부,https://www.mss.go.kr/site/smba/ex/bbs/View.do?cbIdx=86&bcIdx=1040207&parentSeq=1040207
230315_이태원_상권_활력회복_사업(프로젝트)_추진(소상공인정책과)-중소벤처기업부,https://www.mss.go.kr/site/smba/ex/bbs/View.do?cbIdx=86&bcIdx=1040180&parentSeq=1040180
230316_한국_기업_비반(BIBAN)_2023_드레퍼_알라딘(Draper_Aladdin)_창업기업(스타트업)_경쟁부문에서_1등,_2등_수상(벤처투자과)-중소벤처기업부,https://www.mss.go.kr/site/smba/ex/bbs/View.do?cbIdx=86&bcIdx=1040179&parentSeq=1040179
230316_우리동네_대중투자(크라우드펀딩)_참여_소상공인_모집(소상공인성장촉진과)-중소벤처기업부,https://www.mss.go.kr/site/smba/ex/bbs/View.do?cbIdx=86&bcIdx=1040178&parentSeq=1040178
230316_'22년_여성기업_실태조사_결과_발표(기업환경정책과)-중소벤처기업부,https://www.mss.go.kr/site/smba/ex/bbs/View.do?cbIdx=86&bcIdx=1040177&parentSeq=1040177
230315_소상공인_풍수해보험_가입촉진_업무협약(소상공인재도약과)v2-중소벤처기업부,https://www.mss.go.kr/site/smba/ex/bbs/View.do?cbIdx=86&bcIdx=1040176&parentSeq=1040176
230313_기후기술(테크)_벤처창업기업(스타트업)_주민회의(타운홀미팅)_개최(기술혁신정책과)-중소벤처기업부,https://www.mss.go.kr/site/smba/ex/bbs/View.do?cbIdx=86&bcIdx=1040133&parentSeq=1040133
230312_이영_장관_사우디_정부_등과_중소벤처분야_협력_방안_논의(국제통상협력과)-중소벤처기업부,https://www.mss.go.kr/site/smba/ex/bbs/View.do?cbIdx=86&bcIdx=1040131&parentSeq=1040131
230313_신산업_창업기업(스타트업)_육성사업_접수_결과_발표(미래산업전략팀)-중소벤처기업부,https://www.mss.go.kr/site/smba/ex/bbs/View.do?cbIdx=86&bcIdx=1040130&parentSeq=1040130
230313_중소기업_기술보호_정책보험_지원사업_참여_중소기업_모집(기술보호과)-중소벤처기업부,https://www.mss.go.kr/site/smba/ex/bbs/View.do?cbIdx=86&bcIdx=1040129&parentSeq=1040129
230310_사우디아라비아_투자부와_프레임워크_협력_프로그램_추진(국제통상협력과)-중소벤처기업부,https://www.mss.go.kr/site/smba/ex/bbs/View.do?cbIdx=86&bcIdx=1040086&parentSeq=1040086
230309_이영_장관_비반(Biban)_2023_개막식에서_기조연설(국제통상협력과)-중소벤처기업부,https://www.mss.go.kr/site/smba/ex/bbs/View.do?cbIdx=86&bcIdx=1040085&parentSeq=1040085
230309_문화도시_지역가치_창업가(로컬크리에이터)_정책이야기쇼(토크쇼)_개최(소상공인성장촉진과)-중소벤처기업부,https://www.mss.go.kr/site/smba/ex/bbs/View.do?cbIdx=86&bcIdx=1040075&parentSeq=1040075
230310_중소벤처기업부-행정안전부_지역_중소기업_정착_육성을_위한_공동_지원_추진(기업구조개선과)-중소벤처기업부,https://www.mss.go.kr/site/smba/ex/bbs/View.do?cbIdx=86&bcIdx=1040072&parentSeq=1040072
230310_2022년_1인_창조기업_실태조사_결과_발표(창업생태계과)-중소벤처기업부,https://www.mss.go.kr/site/smba/ex/bbs/View.do?cbIdx=86&bcIdx=1040063&parentSeq=1040063
230308_이영_장관_디엠아이(DMI)_회장_면담(국제통상협력과)v2-중소벤처기업부,https://www.mss.go.kr/site/smba/ex/bbs/View.do?cbIdx=86&bcIdx=1040047&parentSeq=1040047
230308_두바이_세계(글로벌)사업(비즈니스)센터_개소(글로벌성장정책과)-중소벤처기업부,https://www.mss.go.kr/site/smba/ex/bbs/View.do?cbIdx=86&bcIdx=1040038&parentSeq=1040038
230307_소상공인_전통시장_민생현안_간담회(소상공인정책과_인력정책과)-중소벤처기업부,https://www.mss.go.kr/site/smba/ex/bbs/View.do?cbIdx=86&bcIdx=1039985&parentSeq=1039985
230308_2023년_모태기금(펀드)_2차_정시_출자사업_공고(벤처투자과)-중소벤처기업부,https://www.mss.go.kr/site/smba/ex/bbs/View.do?cbIdx=86&bcIdx=1039984&parentSeq=1039984
230307_제2기_벤처기업확인기관_모집(벤처정책과)-중소벤처기업부,https://www.mss.go.kr/site/smba/ex/bbs/View.do?cbIdx=86&bcIdx=1039936&parentSeq=1039936
230307_세계적(글로벌)_기업_협업_프로그램_참여기업_모집(기술창업과)-중소벤처기업부,https://www.mss.go.kr/site/smba/ex/bbs/View.do?cbIdx=86&bcIdx=1039935&parentSeq=1039935
230306_단기연체_상담_음성로봇(보이스봇)_통한_연체_안내_서비스_시작(기업금융과)-중소벤처기업부,https://www.mss.go.kr/site/smba/ex/bbs/View.do?cbIdx=86&bcIdx=1039934&parentSeq=1039934
230306_아기거대신생기업(유니콘)200_육성사업_및_예비거대신생기업(유니콘)_특별보증_참여기업_모집(벤처정책과)-중소벤처기업부,https://www.mss.go.kr/site/smba/ex/bbs/View.do?cbIdx=86&bcIdx=1039901&parentSeq=1039901
230306_2023년_제1차_확대(스케일업)금융_사업_참여_기업_모집(기업금융과)-중소벤처기업부,https://www.mss.go.kr/site/smba/ex/bbs/View.do?cbIdx=86&bcIdx=1039900&parentSeq=1039900
230303_조주현_차관_프랑스_중소기업_창업기업(스타트업)_관련_인사_면담(국제통상협력과)-중소벤처기업부,https://www.mss.go.kr/site/smba/ex/bbs/View.do?cbIdx=86&bcIdx=1039899&parentSeq=1039899
230303_인공지능(AI)_분야_창업기업_현장간담회_개최(미래산업전략팀)-중소벤처기업부,https://www.mss.go.kr/site/smba/ex/bbs/View.do?cbIdx=86&bcIdx=1039876&parentSeq=1039876
230302_'22년_연간_창업기업동향(정책분석평가과)-중소벤처기업부,https://www.mss.go.kr/site/smba/ex/bbs/View.do?cbIdx=86&bcIdx=1039875&parentSeq=1039875
230301_모바일_월드_콩그레스(MWC)_2023_개막(글로벌성장정책과)-중소벤처기업부,https://www.mss.go.kr/site/smba/ex/bbs/View.do?cbIdx=86&bcIdx=1039836&parentSeq=1039836
230302_자영업자_고용보험료_지원_대상_및_규모_확대(소상공인재도약과)-중소벤처기업부,https://www.mss.go.kr/site/smba/ex/bbs/View.do?cbIdx=86&bcIdx=1039835&parentSeq=1039835
230302_2021년_기준_사회적벤처(소셜벤처)_실태조사_결과_발표(벤처정책과)-중소벤처기업부,https://www.mss.go.kr/site/smba/ex/bbs/View.do?cbIdx=86&bcIdx=1039834&parentSeq=1039834
230227_이영_장관_벤처·창업기업(스타트업)_근로시간_제도개편_간담회_참석(인력정책과)-중소벤처기업부,https://www.mss.go.kr/site/smba/ex/bbs/View.do?cbIdx=86&bcIdx=1039813&parentSeq=1039813
230228_민간협력_여성벤처창업기업(스타트업)_육성사업_운영기관_모집(벤처정책과)-중소벤처기업부,https://www.mss.go.kr/site/smba/ex/bbs/View.do?cbIdx=86&bcIdx=1039790&parentSeq=1039790
(보도참고자료)_230227_상생협력법_개정안_국회_본회의_통과(불공정거래개선과)-중소벤처기업부,https://www.mss.go.kr/site/smba/ex/bbs/View.do?cbIdx=86&bcIdx=1039781&parentSeq=1039781
230227_2023년_제1차_지역경제위원회_개최(지역혁신정책과_기업구조개선과)-중소벤처기업부,https://www.mss.go.kr/site/smba/ex/bbs/View.do?cbIdx=86&bcIdx=1039759&parentSeq=1039759
230228_창업중심대학_창업사업화_지원_참여기업_모집(청년정책과)-중소벤처기업부,https://www.mss.go.kr/site/smba/ex/bbs/View.do?cbIdx=86&bcIdx=1039756&parentSeq=1039756
230227_튀르키예·시리아지역_지진_피해_지원_성금_전달(운영지원과)-중소벤처기업부,https://www.mss.go.kr/site/smba/ex/bbs/View.do?cbIdx=86&bcIdx=1039747&parentSeq=1039747
230227_'23년_프리팁스_참여기업_모집(기술창업과)-중소벤처기업부,https://www.mss.go.kr/site/smba/ex/bbs/View.do?cbIdx=86&bcIdx=1039746&parentSeq=1039746
230227_해외규격인증획득지원사업_참여기업_모집(글로벌성장정책과)-중소벤처기업부,https://www.mss.go.kr/site/smba/ex/bbs/View.do?cbIdx=86&bcIdx=1039745&parentSeq=1039745
(보도참고자료)_230224_아랍에미리트(UAE)_순방_성과_중소기업인과의_대화_개최(정책총괄과)-중소벤처기업부,https://www.mss.go.kr/site/smba/ex/bbs/View.do?cbIdx=86&bcIdx=1039708&parentSeq=1039708
230224_공공기술_창업사업화_지원사업_참여자(팀)_모집(청년정책과)-중소벤처기업부,https://www.mss.go.kr/site/smba/ex/bbs/View.do?cbIdx=86&bcIdx=1039699&parentSeq=1039699
230224_지역상표(로컬브랜드)_창출팀_모집(소상공인성장촉진과)-중소벤처기업부,https://www.mss.go.kr/site/smba/ex/bbs/View.do?cbIdx=86&bcIdx=1039687&parentSeq=1039687
(보도참고자료)_230222_벤처창업기업_규제혁신_현장간담회_개최(중소벤처기업부_창업정책과)-중소벤처기업부,https://www.mss.go.kr/site/smba/ex/bbs/View.do?cbIdx=86&bcIdx=1039666&parentSeq=1039666
230223_생애최초_청년창업지원사업_참여자_모집_공고(청년정책과)-중소벤처기업부,https://www.mss.go.kr/site/smba/ex/bbs/View.do?cbIdx=86&bcIdx=1039640&parentSeq=1039640
230223_예비·초기·도약_묶음(패키지)_참여기업_모집_공고(기술창업과)-중소벤처기업부,https://www.mss.go.kr/site/smba/ex/bbs/View.do?cbIdx=86&bcIdx=1039639&parentSeq=1039639
230222_창업사업화지원사업_통합관리지침_개정(창업정책과)-중소벤처기업부,https://www.mss.go.kr/site/smba/ex/bbs/View.do?cbIdx=86&bcIdx=1039638&parentSeq=1039638
230222_'23년_제조자료(데이터)_인공지능(AI)문제해결_상담(컨설팅)_및_해결책(솔루션)_실증사업_공고(디지털혁신과)-중소벤처기업부,https://www.mss.go.kr/site/smba/ex/bbs/View.do?cbIdx=86&bcIdx=1039607&parentSeq=1039607
230222_’23년_강한소상공인_성장지원사업_참여기업_모집(소상공인성장촉진과)-중소벤처기업부,https://www.mss.go.kr/site/smba/ex/bbs/View.do?cbIdx=86&bcIdx=1039605&parentSeq=1039605
230222_’23년_탄소중립전환지원사업_참여기업_모집(기술혁신정책과)-중소벤처기업부,https://www.mss.go.kr/site/smba/ex/bbs/View.do?cbIdx=86&bcIdx=1039604&parentSeq=1039604
230221_5지(5G)_특화망_핵심장비_공동개발_기념식_개최(기술개발과)-중소벤처기업부,https://www.mss.go.kr/site/smba/ex/bbs/View.do?cbIdx=86&bcIdx=1039603&parentSeq=1039603
230221_중소기업_혁신이용권(바우처)_지원사업_통합_공고(지역혁신정책과_기업구조개선과)-중소벤처기업부,https://www.mss.go.kr/site/smba/ex/bbs/View.do?cbIdx=86&bcIdx=1039580&parentSeq=1039580
230221_벤처기업집적시설의_지정_및_관리지침_개정(입지환경개선과)-중소벤처기업부,https://www.mss.go.kr/site/smba/ex/bbs/View.do?cbIdx=86&bcIdx=1039576&parentSeq=1039576
230216_중소벤처기업부_주요_협단체_정책소통_연수회(워크숍)_개최(기업환경정책과)-중소벤처기업부,https://www.mss.go.kr/site/smba/ex/bbs/View.do?cbIdx=86&bcIdx=1039529&parentSeq=1039529
230217_2020년_기준_창업기업실태조사_결과_발표(창업정책과)-중소벤처기업부,https://www.mss.go.kr/site/smba/ex/bbs/View.do?cbIdx=86&bcIdx=1039508&parentSeq=1039508
230216_지역주력산업_개편_및_육성방향_발표(지역혁신정책과_기업구조개선과)-중소벤처기업부,https://www.mss.go.kr/site/smba/ex/bbs/View.do?cbIdx=86&bcIdx=1039507&parentSeq=1039507
(보도참고자료)_230215_규제유예제도(규제샌드박스)_혁신기업_간담회_개최(중소벤처기업부_특구정책과)-중소벤처기업부,https://www.mss.go.kr/site/smba/ex/bbs/View.do?cbIdx=86&bcIdx=1039503&parentSeq=1039503
230216_초격차_분야_창업기업_이어가기(릴레이)_간담회_개최(미래산업전략팀)-중소벤처기업부,https://www.mss.go.kr/site/smba/ex/bbs/View.do?cbIdx=86&bcIdx=1039501&parentSeq=1039501
230215_소프트웨어(SW)_콘텐츠_벤처창업초기기업(스타트업)_아카데미_주관대학_선정(벤처정책과)-중소벤처기업부,https://www.mss.go.kr/site/smba/ex/bbs/View.do?cbIdx=86&bcIdx=1039483&parentSeq=1039483
230214_중동_성과사업_민관_전담조직(TF)_제1차_회의_개최(국제통상협력과)-중소벤처기업부,https://www.mss.go.kr/site/smba/ex/bbs/View.do?cbIdx=86&bcIdx=1039482&parentSeq=1039482
230213_아기거대신생기업(유니콘)200_육성사업_참여_기업_성과(벤처정책과)-중소벤처기업부,https://www.mss.go.kr/site/smba/ex/bbs/View.do?cbIdx=86&bcIdx=1039440&parentSeq=1039440
230203_확장가상세계(메타버스)공장(팩토리)_구축지원(디지털혁신과)-중소벤처기업부,https://www.mss.go.kr/site/smba/ex/bbs/View.do?cbIdx=86&bcIdx=1039215&parentSeq=1039215
230202_중소기업특별지원지역_지정(기업구조개선과)-중소벤처기업부,https://www.mss.go.kr/site/smba/ex/bbs/View.do?cbIdx=86&bcIdx=1039214&parentSeq=1039214
230201_중신용_소기업_소상공인_금융지원_업무협약식_개최(기업금융과)-중소벤처기업부,https://www.mss.go.kr/site/smba/ex/bbs/View.do?cbIdx=86&bcIdx=1039159&parentSeq=1039159
230202_’23년_소부장_창업기업(스타트업)_100_육성사업_참여기업_모집(미래산업전략팀)-중소벤처기업부,https://www.mss.go.kr/site/smba/ex/bbs/View.do?cbIdx=86&bcIdx=1039158&parentSeq=1039158
230202_’23년_기업가형_소상공인_연계(매칭)융자_운영사_모집(소상공인성장촉진과)-중소벤처기업부,https://www.mss.go.kr/site/smba/ex/bbs/View.do?cbIdx=86&bcIdx=1039157&parentSeq=1039157
230201_세계(글로벌)창업사관학교_입교팀_모집(기술창업과)-중소벤처기업부,https://www.mss.go.kr/site/smba/ex/bbs/View.do?cbIdx=86&bcIdx=1039156&parentSeq=1039156
230201_지역기반_지역가치_창업가(로컬크리에이터)_모집(소상공인성장촉진과)-중소벤처기업부,https://www.mss.go.kr/site/smba/ex/bbs/View.do?cbIdx=86&bcIdx=1039110&parentSeq=1039110
230201_벤처투자조합_재산_수탁업무_처리기준_마련(투자관리감독과)-중소벤처기업부,https://www.mss.go.kr/site/smba/ex/bbs/View.do?cbIdx=86&bcIdx=1039109&parentSeq=1039109
230201_비상장_벤처기업_주식매수선택권_현황(벤처정책과)-중소벤처기업부,https://www.mss.go.kr/site/smba/ex/bbs/View.do?cbIdx=86&bcIdx=1039108&parentSeq=1039108
